image,st,bunya,ans,imans1,imans2,imans3,effect_type,power,question
card_1.png,1.0,足し算,16,12,35,84,defence,1.0,\( 9 + 7 = ? \)
card_2.png,1.0,足し算,9,40,57,40,attack,2.0,\( 4 + 5 = ? \)
card_3.png,1.0,足し算,9,73,33,75,defence,1.0,\( 6 + 3 = ? \)
card_4.png,1.0,足し算,10,12,32,20,defence,2.0,\( 7 + 3 = ? \)
card_5.png,1.0,足し算,9,68,51,79,attack,3.0,\( 8 + 1 = ? \)
card_6.png,2.0,足し算,31,78,95,17,attack,2.0,\( 17 + 14 = ? \)
card_7.png,2.0,足し算,48,42,98,1,attack,1.0,\( 30 + 18 = ? \)
card_8.png,2.0,足し算,38,80,48,14,attack,2.0,\( 27 + 11 = ? \)
card_9.png,2.0,足し算,31,22,8,67,heal,4.0,\( 11 + 20 = ? \)
card_10.png,2.0,足し算,49,44,51,91,attack,5.0,\( 19 + 30 = ? \)
card_11.png,3.0,足し算,83,56,50,48,attack,3.0,\( 39 + 44 = ? \)
card_12.png,3.0,足し算,94,19,89,26,heal,2.0,\( 45 + 49 = ? \)
card_13.png,3.0,足し算,84,87,20,18,attack,3.0,\( 35 + 49 = ? \)
card_14.png,3.0,足し算,75,43,98,53,attack,4.0,\( 37 + 38 = ? \)
card_15.png,3.0,足し算,67,88,41,4,heal,2.0,\( 33 + 34 = ? \)
card_16.png,4.0,足し算,121,152,78,27,attack,3.0,\( 52 + 69 = ? \)
card_17.png,4.0,足し算,132,127,87,41,attack,4.0,\( 67 + 65 = ? \)
card_18.png,4.0,足し算,114,183,55,21,defence,5.0,\( 60 + 54 = ? \)
card_19.png,4.0,足し算,112,122,36,95,attack,6.0,\( 59 + 53 = ? \)
card_20.png,4.0,足し算,112,189,96,33,heal,6.0,\( 60 + 52 = ? \)
card_21.png,5.0,足し算,197,190,45,38,heal,6.0,\( 98 + 99 = ? \)
card_22.png,5.0,足し算,153,128,30,67,attack,7.0,\( 82 + 71 = ? \)
card_23.png,5.0,足し算,140,173,9,85,defence,8.0,\( 70 + 70 = ? \)
card_24.png,5.0,足し算,190,151,37,81,defence,7.0,\( 92 + 98 = ? \)
card_25.png,5.0,足し算,178,115,15,44,heal,8.0,\( 80 + 98 = ? \)
card_26.png,1.0,引き算,1,6,9,5,attack,1.0,\( 5 - 4 = ? \)
card_27.png,1.0,引き算,4,5,6,9,attack,2.0,\( 9 - 5 = ? \)
card_28.png,1.0,引き算,7,9,4,6,attack,1.0,\( 8 - 1 = ? \)
card_29.png,1.0,引き算,0,1,6,5,defence,2.0,\( 5 - 5 = ? \)
card_30.png,1.0,引き算,4,0,6,7,defence,1.0,\( 8 - 4 = ? \)
card_31.png,2.0,引き算,11,9,24,30,attack,3.0,\( 25 - 14 = ? \)
card_32.png,2.0,引き算,15,91,81,97,attack,3.0,\( 26 - 11 = ? \)
card_33.png,2.0,引き算,10,97,60,68,attack,4.0,\( 28 - 18 = ? \)
card_34.png,2.0,引き算,11,91,83,54,attack,5.0,\( 21 - 10 = ? \)
card_35.png,2.0,引き算,12,34,86,9,heal,4.0,\( 30 - 18 = ? \)
card_36.png,3.0,引き算,2,46,69,82,defence,3.0,\( 40 - 38 = ? \)
card_37.png,3.0,引き算,10,53,46,88,attack,5.0,\( 44 - 34 = ? \)
card_38.png,3.0,引き算,9,54,16,27,attack,5.0,\( 45 - 36 = ? \)
card_39.png,3.0,引き算,16,27,81,58,heal,6.0,\( 46 - 30 = ? \)
card_40.png,3.0,引き算,8,32,30,87,defence,5.0,\( 42 - 34 = ? \)
card_41.png,4.0,引き算,14,99,34,2,defence,7.0,\( 68 - 54 = ? \)
card_42.png,4.0,引き算,13,38,98,10,attack,7.0,\( 64 - 51 = ? \)
card_43.png,4.0,引き算,5,79,40,80,defence,6.0,\( 61 - 56 = ? \)
card_44.png,4.0,引き算,5,79,9,99,defence,7.0,\( 63 - 58 = ? \)
card_45.png,4.0,引き算,20,41,40,86,attack,8.0,\( 70 - 50 = ? \)
card_46.png,5.0,引き算,19,59,81,96,heal,8.0,\( 98 - 79 = ? \)
card_47.png,5.0,引き算,3,43,61,96,attack,8.0,\( 88 - 85 = ? \)
card_48.png,5.0,引き算,22,45,34,18,defence,9.0,\( 100 - 78 = ? \)
card_49.png,5.0,引き算,10,29,80,87,attack,9.0,\( 92 - 82 = ? \)
card_50.png,5.0,引き算,13,98,3,43,heal,9.0,\( 90 - 77 = ? \)
card_51.png,1.0,掛け算,1,2,5,92,attack,1.0,\( 1 \times 1 = ? \)
card_52.png,1.0,掛け算,4,48,13,64,attack,1.0,\( 2 \times 2 = ? \)
card_53.png,1.0,掛け算,2,95,8,91,attack,1.0,\( 2 \times 1 = ? \)
card_54.png,1.0,掛け算,12,50,91,19,defence,2.0,\( 3 \times 4 = ? \)
card_55.png,1.0,掛け算,2,93,49,69,attack,2.0,\( 2 \times 1 = ? \)
card_56.png,2.0,掛け算,70,28,64,54,attack,2.0,\( 7 \times 10 = ? \)
card_57.png,2.0,掛け算,48,53,30,29,attack,3.0,\( 6 \times 8 = ? \)
card_58.png,2.0,掛け算,72,83,12,50,defence,3.0,\( 8 \times 9 = ? \)
card_59.png,2.0,掛け算,100,10,71,71,attack,4.0,\( 10 \times 10 = ? \)
card_60.png,2.0,掛け算,42,71,64,54,attack,4.0,\( 6 \times 7 = ? \)
card_61.png,3.0,掛け算,154,81,8,12,attack,4.0,\( 14 \times 11 = ? \)
card_62.png,3.0,掛け算,120,11,42,28,heal,5.0,\( 12 \times 10 = ? \)
card_63.png,3.0,掛け算,150,147,180,196,defence,5.0,\( 15 \times 10 = ? \)
card_64.png,3.0,掛け算,121,162,143,19,defence,6.0,\( 11 \times 11 = ? \)
card_65.png,3.0,掛け算,182,131,197,151,attack,6.0,\( 13 \times 14 = ? \)
card_66.png,4.0,掛け算,225,253,295,133,heal,7.0,\( 15 \times 15 = ? \)
card_67.png,4.0,掛け算,240,219,279,183,attack,7.0,\( 15 \times 16 = ? \)
card_68.png,4.0,掛け算,240,215,271,259,defence,7.0,\( 16 \times 15 = ? \)
card_69.png,4.0,掛け算,256,270,273,242,heal,7.0,\( 16 \times 16 = ? \)
card_70.png,4.0,掛け算,289,284,269,216,attack,7.0,\( 17 \times 17 = ? \)
card_71.png,5.0,掛け算,342,355,353,389,attack,8.0,\( 18 \times 19 = ? \)
card_72.png,5.0,掛け算,324,326,374,386,attack,8.0,\( 18 \times 18 = ? \)
card_73.png,5.0,掛け算,342,309,350,369,attack,8.0,\( 19 \times 18 = ? \)
card_74.png,5.0,掛け算,361,341,382,347,heal,9.0,\( 19 \times 19 = ? \)
card_75.png,5.0,掛け算,340,318,331,361,attack,9.0,\( 17 \times 20 = ? \)
card_76.png,1.0,割り算,3,4,6,8,defence,1.0,\( 3 \div 1 = ? \)
card_77.png,1.0,割り算,5,4,2,3,attack,1.0,\( 15 \div 3 = ? \)
card_78.png,1.0,割り算,1,2,3,8,heal,1.0,\( 1 \div 1 = ? \)
card_79.png,1.0,割り算,1,5,4,7,attack,2.0,\( 2 \div 2 = ? \)
card_80.png,1.0,割り算,4,3,5,7,attack,2.0,\( 20 \div 5 = ? \)
card_81.png,2.0,割り算,8,7,6,3,attack,3.0,\( 72 \div 9 = ? \)
card_82.png,2.0,割り算,4,8,2,9,attack,3.0,\( 24 \div 6 = ? \)
card_83.png,2.0,割り算,7,4,6,0,attack,3.0,\( 49 \div 7 = ? \)
card_84.png,2.0,割り算,4,2,3,7,attack,3.0,\( 24 \div 6 = ? \)
card_85.png,2.0,割り算,2,5,8,4,attack,3.0,\( 14 \div 7 = ? \)
card_86.png,3.0,割り算,16.5,26,12.4,5,heal,4.0,\( 99 \div 6 = ? \)（小数第2位まで）
card_87.png,3.0,割り算,27.5,50.5,5,9,attack,4.0,\( 55 \div 2 = ? \)（小数第2位まで）
card_88.png,3.0,割り算,16,12,50,60,defence,4.0,\( 32 \div 2 = ? \)（小数第2位まで）
card_89.png,3.0,割り算,4.43,7.43,8,9,attack,5.0,\( 31 \div 7 = ? \)（小数第2位まで）
card_90.png,3.0,割り算,5,1,3,9,attack,5.0,\( 25 \div 5 = ? \)（小数第2位まで）
card_91.png,4.0,割り算,7 5/9,2 3/9,3 3/1,2 5/6,defence,6.0,\( \frac{68}{9} \) を帯分数にせよ。
card_92.png,4.0,割り算,9 4/5,2 5/2,3 5/3,8 5/8,attack,6.0,\( \frac{49}{5} \) を帯分数にせよ。
card_93.png,4.0,割り算,9 4/7,2 9/6,3 2/1,6 5/6,defence,6.0,\( \frac{67}{7} \) を帯分数にせよ。
card_94.png,4.0,割り算,4 3/8,2 9/9,3 9/1,2 5/0,attack,7.0,\( \frac{35}{8} \) を帯分数にせよ。
card_95.png,4.0,割り算,2 5/9,2 6/7,3 4/4,3 5/6,defence,7.0,\( \frac{23}{9} \) を帯分数にせよ。
card_96.png,5.0,割り算,4,1,0,9,heal,8.0,\( \frac{8}{2} \) を簡単にせよ。
card_97.png,5.0,割り算,3,7,1,2,attack,8.0,\( \frac{6}{2} \) を簡単にせよ。
card_98.png,5.0,割り算,5,5,1,4,attack,9.0,\( \frac{15}{3} \) を簡単にせよ。
card_99.png,5.0,割り算,6,1,2,4,attack,9.0,\( \frac{24}{4} \) を簡単にせよ。
card_100.png,5.0,割り算,25/2,13/8,13/7,24/8,attack,9.0,\( \frac{50}{4} \) を簡単にせよ。
card_176.png,1.0,比例・反比例,25,20,30,35,attack,5.0,１分で５０mのペースで歩くとき、５分間では何m進みますか?
card_177.png,1.0,比例・反比例,50,30,40,60,defence,5.0,１分で５０mのペースで歩くとき、10分間では何m進みますか?
card_178.png,1.0,比例・反比例,150,300,200,100,attack,6.0,１分で５０mのペースで歩くとき、3分間では何m進みますか?
card_179.png,1.0,比例・反比例,2,3,4,5,defence,6.0,１２kmを１時間で６kmのペースで走るとき、走り切るのに何時間かかりますか?
card_180.png,1.0,比例・反比例,3,2,4,5,heal,6.0,１５kmを１時間で５kmのペースで走るとき、走り切るのに何時間かかりますか?
card_181.png,2.0,比例・反比例,900,600,750,1000,attack,7.0,10本の重さが150gの釘があります。この釘60本の重さは何gですか?
card_182.png,2.0,比例・反比例,4,3,6,27,defence,7.0,面積が36cm?の長方形があります。たての長さが9cmのとき、横の長さは何cmですか?
card_183.png,2.0,比例・反比例,10,11,14,9,attack,7.0,ある仕事を終わらせるのに、5人ですると12日かかります。この仕事を6人ですると、何日で終わりますか?
card_184.png,2.0,比例・反比例,1050,900,1000,750,defence,8.0,3mで450円のリボンがあります。このリボンを7m買うと、代金はいくらですか?
card_185.png,2.0,比例・反比例,2,1.5,2.5,4.5,heal,8.0,時速60kmで進むと3時間かかる道のりがあります。この道のりを時速90kmで進むと、何時間かかりますか?
card_186.png,3.0,比例・反比例,15,10,20,7,attack,8.0,歯数が60の歯車Aが10回転するとき、かみ合っている歯数が40の歯車Bは何回転しますか?
card_187.png,3.0,比例・反比例,4.8,5,13.3,6.5,defence,9.0,ある畑を耕すのに、トラクター3台を使うと8時間かかります。同じトラクター5台を使うと何時間かかりますか?
card_188.png,3.0,比例・反比例,2,20,200,0.2,attack,9.0,縮尺が125000の地図で、2つの町の間の長さが8cmでした。実際の距離は何kmですか?
card_189.png,3.0,比例・反比例,5,15,20,10,attack,10.0,1個150円のりんごを予算3000円で買うと20個買えます。もし1個200円のりんごなら、買える個数は何個減りますか?
card_190.png,3.0,比例・反比例,8,6,18,7,heal,10.0,高さ2mの木の影の長さが3mのとき、同じ時刻の、影の長さが12mの電柱の高さは何mですか?
card_191.png,4.0,比例・反比例,12,10,11,15,attack,11.0,"5,8人で15日かかる仕事があります。最初の5日間は8人で働き、6日目から4人増えました。仕事が終わるのは全部で何日目ですか?"
card_192.png,4.0,比例・反比例,2880,288,3000,1250,defence,11.0,500gで600円の牛肉があります。この牛肉を2.4kg買うと代金はいくらになりますか?
card_193.png,4.0,比例・反比例,12,10,75,15,attack,11.0,満水の状態から、ポンプ2台で水を抜くと30分かかります。同じポンプを最初から5台使うと、何分で水がなくなりますか?
card_194.png,4.0,比例・反比例,350,300,20,400,defence,12.0,兄は分速80m、弟は分速60mで、家から1.4km離れた駅に同時に向かいました。兄が駅に着いた時、弟は駅の何m手前にいますか?
card_195.png,4.0,比例・反比例,26,20,30,25,heal,13.0,ある食料は15人なら40日間もちます。この食料を20人で10日間食べた後、残りを15人で食べると、あと何日間もちますか?
card_196.png,5.0,比例・反比例,15,24,40,20,attack,14.0,Aの蛇口から1分間に3L、Bの蛇口から1分間に5Lの水が出ます。AとBを同時に使って120Lの水槽をいっぱいにするには何分かかりますか?
card_197.png,5.0,比例・反比例,111,100,125,80,defence,14.0,家から駅まで分速80mで歩くと20分かかります。最初の6分を分速100mで歩いた後、残りを9分で着くには分速約何mが必要ですか?
card_198.png,5.0,比例・反比例,90,60,75,120,attack,15.0,同じ長さのろうそくAとBがあります。Aは3時間、Bは2時間で燃え尽きます。同時に火をつけた時、Aの長さがBの2倍になるのは何分後ですか?
card_199.png,5.0,比例・反比例,21,20,23,18,defence,15.0,6人ですると20日かかる仕事があります。8日間働いた後、2人が3日間休み、その後全員で再開しました。合計で何日かかりましたか?
card_200.png,5.0,比例・反比例,40,32,50,25,heal,15.0,5台の印刷機で書類を印刷すると32分かかります。同じ仕事を4台の印刷機で行うと、何分かかりますか?
card_201.png,1.0,小数,0.7,0.07,7,0.3,attack,6.0,\( 0.2 + 0.5 \)を計算しなさい。
card_202.png,1.0,小数,3.7,3.07,2.7,1.1,defence,6.0,\( 1.4 + 2.3 \)を計算しなさい。
card_203.png,1.0,小数,0.3,3,0.15,1.5,attack,6.0,\( 0.9 - 0.6 \)を計算しなさい。
card_204.png,1.0,小数,3.3,3.03,2.3,8.3,defence,7.0,\( 5.8 - 2.5 \)を計算しなさい。
card_205.png,1.0,小数,0.6,1.4,6,0.06,attack,7.0,1Lのジュースを0.4L飲みました。残りは何Lですか?
card_206.png,2.0,小数,4.05,3.05,4.5,2.61,defence,8.0,\( 1.6 + 2.45 \)を計算しなさい。
card_207.png,2.0,小数,2.8,3.8,3.2,2.2,attack,8.0,\( 4 - 1.2 \)を計算しなさい。
card_208.png,2.0,小数,7.2,6.2,72,6.12,defence,9.0,\( 2.4 × 3 \)を計算しなさい。
card_209.png,2.0,小数,2.4,24,2.3,3.4,attack,9.0,\( 9.6 ÷ 4 \)を計算しなさい。
card_210.png,2.0,小数,0.6,6,5.4,0.5,defence,9.0,1.8mのひもを3人で等分すると、1人分は何mですか?
card_211.png,3.0,小数,5.6,56,4.1,3.516,attack,10.0,\( 3.5 × 1.6 \)を計算しなさい。
card_212.png,3.0,小数,0.56,5.6,56,1.5,defence,10.0,\( 0.7 × 0.8 \)を計算しなさい。
card_213.png,3.0,小数,2.5,25,0.25,3.5,attack,11.0,\( 12.5 ÷ 5 \)を計算しなさい。
card_214.png,3.0,小数,200,20,2000,160,defence,11.0,1mの値段が80円のリボンがあります。このリボン2.5mの代金はいくらですか?
card_215.png,3.0,小数,9,0.9,8,90,attack,11.0,7.2Lの油を、0.8Lずつびんに入れます。びんは何本できますか?
card_216.png,4.0,小数,4,4.2,0.4,40,defence,12.0,\( 8.4 ÷ 2.1 \)を計算しなさい。
card_217.png,4.0,小数,3.5,35,3.05,4,attack,12.0,\( 9.1 ÷ 2.6 \)を計算しなさい。
card_218.png,4.0,小数,6.7,6.6,7,6.66,defence,13.0,20÷3を、小数第2位を四捨五入して小数第1位まで求めなさい。
card_219.png,4.0,小数,4.8,48,4.2,5,attack,13.0,面積が31.2cmで、横の長さが6.5cmの長方形のたての長さは何cmですか?
card_220.png,4.0,小数,6,0.6,60,5,defence,14.0,4.5Lのジュースを、0.75Lずつコップに分けます。コップは何個必要ですか?
card_221.png,5.0,小数,6,4,5.5,60,attack,14.0,\( (1.8+2.2)×1.5 \)を計算しなさい。
card_222.png,5.0,小数,5,105,11.5,17.5,defence,14.0,\( 20 - 2.5 × 6 \)を計算しなさい。
card_223.png,5.0,小数,9,4,10.8,8,attack,15.0,赤いテープは5m、青いテープは赤いテープの0.8倍の長さです。2本のテープの長さの合計は何mですか?
card_224.png,5.0,小数,2.3,11.5,3,2.5,defence,15.0,15kgのお米を、最初に3.5kg使いました。残りを5つのふくろに等しく分けると、1ふくろあたり何kgになりますか?
card_225.png,5.0,小数,14.4,28.8,10.9,144,attack,15.0,たて4.5m、横6.4mの畑に、1m_あたり0.5kgの肥料をまきます。全部で何kgの肥料が必要ですか?
card_251.png,1.0,方程式,1,2,-1,3,heal,12.0,\( 2x + 3 = 5 \)
card_252.png,1.0,方程式,-2,-3,-4,-5,attack,13.0,\( 6x + 4 = -8 \)
card_253.png,1.0,方程式,3,4,5,2,attack,14.0,\( 5x + 3 = 18 \)
card_254.png,1.0,方程式,-3,-4,-2,-5,defense,13.0,\( 8x + 6 = -18 \)
card_255.png,1.0,方程式,-2,-1,0,-3,attack,14.0,\( -2x + 3 = 5 \)
card_256.png,2.0,方程式,(c-b)/a,(b-c)/a,(c-a)/b,(b-a)/c,attack,13.0,\( ax + b = c \) を解くと、x = ?
card_257.png,2.0,方程式,(b-c)/a,(c-b)/a,(c+a)/b,(b+a)/c,attack,14.0,\( -ax + b = c \) を解くと、x = ?
card_258.png,2.0,方程式,(c+b)/a,(c-b)/a,(b-c)/a,(b+a)/c,defense,14.0,\( ax - b = c \) を解くと、x = ?
card_259.png,2.0,方程式,-(c+b)/a,-(c+a)/b,(b-c)/a,(c+b)/a,heal,14.0,\( ax + b = -c \) を解くと、x = ?
card_260.png,2.0,方程式,(c-b)/a,(b-c)/a,(c+b)/a,-(c+b)/a,attack,17.0,\( -ax - b = -c \) を解くと、x = ?
card_261.png,3.0,方程式,3,2,4,-1,heal,14.0,\( 3x + 2 = 4x - 1 \)
card_262.png,3.0,方程式,3,4,5,1,attack,15.0,\( 2x + 5 = 5x - 4 \)
card_263.png,3.0,方程式,1/2,1/3,2,1,attack,16.0,\( -4x + 2 = 6x - 3 \)
card_264.png,3.0,方程式,7/13,-1/7,1/13,-7/13,attack,15.0,\( -7x + 3 = 6x - 4 \)
card_265.png,3.0,方程式,2,-1,12,-2,defense,15.0,\( 6x + -7 = -6x - 5 \)
card_266.png,4.0,方程式,"4,12","3,9","5,15","6,18",attack,16.0,合計が16になるような2つの数のうち、一方は他方の3倍であるとき、その2つの数は?
card_267.png,4.0,方程式,2時間半,3時間,1時間半,1時間,attack,17.0,時速60kmの車が、150km先の目的地に辿り着くには何時間掛かる?
card_268.png,4.0,方程式,5x+3,3x+5,x+3,5x,heal,15.0,5人にリンゴを均等に分けると、リンゴが3つ余った。リンゴの総数はどの関数で表せる?
card_269.png,4.0,方程式,1600,1200,1800,1500,defense,15.0,ある本の価格は定価の80%。定価が2000円のとき、実際の価格は?
card_270.png,4.0,方程式,220,120,160,240,attack,16.0,ある池には100匹の魚がいる。毎分20匹ずつ増えるとき、半年後に池にいる魚の数は?
card_271.png,5.0,方程式,6.25,5.5,8.75,5.25,attack,17.0,合計が25になるような2つの数のうち、一方は他方の3倍であるとき、小さい方の数は?
card_272.png,5.0,方程式,25,20,15,10,attack,18.0,公園にいる鳥の数は、猫の数の2倍より5匹多い。猫が10匹いるなら、鳥は何匹いる?
card_273.png,5.0,方程式,51200,25600,102400,64000,defense,19.0,8人のグループで、1人あたり1日800円ずつ費用を負担するとき、グループ全体で8日間の活動費用は合計でいくら?
card_274.png,5.0,方程式,2475,2500,2250,2525,heal,19.0,5000円の商品が50%割引されて、さらに10%の割引が適用された後、消費税の10%が加算された場合、最終的な価格はいくら?
card_275.png,5.0,方程式,1980,2100,1800,1890,attack,19.0,3000円の商品が30%割引されて、さらに300円の割引が適用された後、消費税の10%が加算された場合、最終的な価格はいくら?
card_276.png,1.0,連立方程式,"x=8,y=2","x=6,y=4","x=6,y=2","x=4,y=4",defense,11.0,"\( x+y=10 , 2y=4 \)"
card_277.png,1.0,連立方程式,"x=3,y=4","x=2,y=4","x=4,y=4","x=4,y=2",defense,12.0,"\( 2x+y=10 , y+1=5 \)"
card_278.png,1.0,連立方程式,"x=1,y=2","x=2,y=2","x=-1,y=2","x=-1/2,y=3",attack,13.0,"\( 2x+3y=8 , 3y=6 \)"
card_279.png,1.0,連立方程式,"x=3,y=0","x=3/2,y=2","x=0,y=4","x=2,y=1",attack,13.0,"\( 4x+3y=12 , y-2=-2 \)"
card_280.png,1.0,連立方程式,"x=15,y=5","x=10,y=10","x=5,y=15","x=20,y=10",heal,12.0,"\( x+y=20 , x-y=10 \)"
card_281.png,2.0,連立方程式,"x=3,y=-1/2","x=1,y=1/2","x=2,y=-1/3","x=4,y=-1",attack,14.0,"\( x+2y=2 , x-2y=4 \)"
card_282.png,2.0,連立方程式,"x=2,y=1","x=2,y=-1","x=3,y=1","x=1/3,y=3",attack,15.0,"\( 3x+2y=7 , x+y=3 \)"
card_283.png,2.0,連立方程式,"x=3,y=0","x=0,y=4","x=4,y=1","x=-1,y=2",heal,13.0,"\( 4x+3y=12 , x-y=3 \)"
card_284.png,2.0,連立方程式,"x=3,y=1","x=2,y=-2","x=2,y=0","x=1,y=3",attack,15.0,"\( x-y=2 , 3x-y=8 \)"
card_285.png,2.0,連立方程式,"x=3,y=-4","x=3,y=4","x=2,y=-5","x=0,y=5",heal,14.0,"\( x-y=7 , 3x+y=5 \)"
card_286.png,3.0,連立方程式,"x=13/2,y=-9/4","x=-9/2,y=13/2","x=11/2,y=-11/2","x=11/2,y=-9/2",attack,15.0,"\(x+2y=2 , x-2y=11 \)"
card_287.png,3.0,連立方程式,"x=13/10,y=-9/4","x=9/4,y=3/4","x=15/4,y=-15/4","x=2,y=-4",defense,15.0,"\(5x+2y=2 , 5x-2y=11 \)"
card_288.png,3.0,連立方程式,男性14名・女性7名,男性7名・女性14名,男性5名・女性16名,男性12名・女性6名,attack,15.0,ある大会の参加者は男女計 21 人。男性の人数は女性の人数の2倍であるとき、男性と女性のそれぞれの人数は?
card_289.png,3.0,連立方程式,1000円,1500円,1300円,800円,attack,15.0,商品Aの値段は、商品Bの値段の1.5倍であり、商品Aを2点、商品Bを1点購入したところ、3500円となった。商品Aの値段は?
card_290.png,3.0,連立方程式,"毎分8L=20分,毎分12L=10分","毎分8L=15分,毎分12L=15分","毎分8L=18分,毎分12L=12分","毎分8L=22分,毎分12L=8分",heal,15.0,容積が280リットルの浴槽に毎分8Lで水を入れ続け、その後毎分12Lに変更し水を入れ続けたら30分で満杯となった。それぞれの時間を求めよ。
card_291.png,4.0,連立方程式,"x=5/2,y=9/4","x=-5/2,y=9/4","x=3/4,y=25/4","x=1,y=3",attack,17.0,"\( 3x+2y=12 , 2x+4y=14 \)"
card_292.png,4.0,連立方程式,解は存在しない,"x=2,y=1","x=4,y=0","x=5,y=1/8",heal,15.0,"\( 8x+16y=24 , 32x+64y=128 \)"
card_293.png,4.0,連立方程式,男性19名・女性8名,男性15名・女性12名,男性8名・女性19名,男性21名・女性6名,defense,16.0,ある大会の参加者は男女計 27 人。男性の人数は女性の人数の3倍より5人少ないとき、男性と女性のそれぞれの人数は?
card_294.png,4.0,連立方程式,2325円,3225円,2125円,2875円,attack,16.0,商品Aの値段は、商品Bの値段の3倍であり、商品Aを3点、商品Bを3点購入したところ、9300円となった。商品Aの値段は?
card_295.png,4.0,連立方程式,"毎分8L=28分,毎分14L=4分","毎分8L=24分,毎分14L=8分","毎分8L=20分,毎分14L=12分","毎分8L=16分,毎分14L=16分",heal,16.0,容積が280リットルの浴槽に毎分8Lで水を入れ続け、その後毎分14Lに変更し水を入れ続けたら32分で満杯となった。それぞれの時間を求めよ。
card_296.png,5.0,連立方程式,"x=26/17,y=2/17","x=2/17,y=26/17",解は存在しない,"x=2/17,y=35/17",attack,19.0,"\( x+4y=2 , 4x-y=6 \)"
card_297.png,5.0,連立方程式,"x=41/13,y=38/13","x=38/13,y=41/13","x=3,y=3","x=-38/13,y=-41/13",heal,18.0,"\( 5x-3y=7 , x+2y=9 \)"
card_298.png,5.0,連立方程式,363,282,525,444,defense,17.0,3桁の自然数がある。3桁全ての和は12であり、一の位と百の位は同じ数である。また、百の位と十の位を入れ替えてできる自然数は元の数より270大きい。元の自然数は?
card_299.png,5.0,連立方程式,1200,1000,800,1400,attack,17.0,商品Aの値段は、商品Bの値段の1.2倍である。商品Aを4点、商品Bを2点購入したところ、商品Bが1つ半額となり、総額9300円となった。商品Aの値段は?
card_300.png,5.0,連立方程式,60L,30L,75L,15L,heal,17.0,容積が130リットルの浴槽に毎分4Lで水を入れ続け、その5分後に毎分10Lに変更し、さらにその後毎分3Lに変更し水を入れ続けたら30分で満杯となった。毎分3分の時に入れた水の総量を求めよ。
card_301.png,1.0,二次方程式,x=3,x=2,x=5,x=4,attack,11.0,\( x^2=9 \)
card_302.png,1.0,二次方程式,"x=0,-2",x=0,x=-√2,"x=0,2",attack,12.0,\( x^2+2x=0 \)
card_303.png,1.0,二次方程式,"x=-3,1","x=1,3","x=-1,3","x=-3,-1",defense,12.0,\( x^2+2x-3=0 \)
card_304.png,1.0,二次方程式,"x=2,-3","x=-2,-3","x=2,3","x=-2,3",defense,11.0,\( (x-2)(x+3)=0 \)
card_305.png,1.0,二次方程式,"x=2,3","x=-2,-3","x=2,-3","x=-2,3",heal,12.0,\( x^2-5x+6=0 \)
card_306.png,2.0,二次方程式,(-b±√(b^2-4ac))/2a,(b±√(b^2-4ac))/2a,(-b±√(b^2+4ac))/2a,(b±√(b^2+4ac))/2a,attack,14.0,\( ax^2+bx+c=0 \)の解の公式は?
card_307.png,2.0,二次方程式,D=b^2-4ac,D=a^2-4bc,D=c^2-4ab,D=a+b+c,defense,14.0,\( ax^2+bx+c=0 \)の判別式は何と表せられる?
card_308.png,2.0,二次方程式,1つ,2つ,実数解を持たない,場合による,attack,13.0,\( ax^2+bx+c=0 \)の判別式Dにおいて、D=0だった場合、解の個数は?
card_309.png,2.0,二次方程式,2つ,1つ,実数解を持たない,場合による,defense,13.0,\( ax^2+bx+c=0 \)の判別式Dにおいて、Dが正の数だった場合、解の個数は?
card_310.png,2.0,二次方程式,実数解を持たない,2つ,1つ,場合によると思う,heal,13.0,\( ax^2+bx+c=0 \)の判別式Dにおいて、Dが負の数だった場合、解の個数は?
card_311.png,3.0,二次方程式,"x=-1,3","x=-3,1","x=-3,-1","x=1,3",attack,14.0,\( 2x^2-4x-6=0 \)
card_312.png,3.0,二次方程式,x=-5,x=5,x=0,x=-10,defense,14.0,\( x^2+10x+25=0 \)
card_313.png,3.0,二次方程式,"x=-1/3,1,","x=-1,1/3","x=-1,-1/3","x=1/3,1",attack,15.0,\( 3x^2-2x-1=0 \)
card_314.png,3.0,二次方程式,"x=0,4/3","x=0,-4/3","x=0,2/3","x=0,-2/3",defense,15.0,\( 6x^2-8x=0 \)
card_315.png,3.0,二次方程式,x=1/2,x=-1/2,x=0,解なし,heal,14.0,\( 4x^2-4x+1=0 \)
card_316.png,4.0,二次方程式,6,4,5,7,attack,15.0,ある正方形の縦の長さを3cm短くし、横の長さを1cm長くすると、面積は21cm^2となった。元の正方形の一辺の長さは?
card_317.png,4.0,二次方程式,4,3,5,6,attack,16.0,ある自然数と、それに5を足した数の積は36である。ある自然数とは?
card_318.png,4.0,二次方程式,2x^2+3x-2=0,x^2+3x-2=0,2x^2+3x-1=0,x^2+3x+2=0,defense,15.0,"\( x=1/2,x=-2 \)を解に持つ二次方程式はどれ?"
card_319.png,4.0,二次方程式,2x^2+7x-15=0,x^2-7x+15=0,x^2-21x+5=0,x^2-10x+25=0,defense,16.0,"\( x=-3/2,x=5 \)を解に持つ二次方程式はどれ?"
card_320.png,4.0,二次方程式,x^2+1=-101x/10,x^2+10x+1=0,x^2+1=-99x/10,x^2+1=-100x/9,heal,16.0,"\( x=-1/10,x=-10 \)を解に持つ二次方程式はどれ?"
card_321.png,5.0,二次方程式,17,15,19,21,attack,18.0,ある正方形の縦の長さを10cm短くし、横の長さを15cm長くすると、面積は元の面積より65cm^2小さくなった。元の正方形の一辺の長さは?
card_322.png,5.0,二次方程式,3,4,5,6,attack,19.0,ある自然数と、それに7を掛けた後十の位と一の位の数を入れ替えた数の積は36である。ある自然数とは?
card_323.png,5.0,二次方程式,4,-2,-4,2,defense,18.0,\( -x^2+ax-8=0 \)の1つの解が2であるとき、もう1つの解は?
card_324.png,5.0,二次方程式,5,3,-1.5,-5,heal,17.0,\( 2x^2+13x-b=0 \)の1つの解が3/2であるとき、もう1つの解は?
card_325.png,5.0,二次方程式,x=±√61/4,x=±1,x=±√21/4,x=±9/4,defense,17.0,\( 16x^2-25x-36=0 \)
card_326.png,1.0,平方根,5,3,4,6,attack,12.0,\( √25=? \)
card_327.png,1.0,平方根,4,3,5,6,attack,12.0,\( √16=? \)
card_328.png,1.0,平方根,7,6,8,9,defense,12.0,\( √49=? \)
card_329.png,1.0,平方根,11,9,12,13,defense,13.0,\( √121=? \)
card_330.png,1.0,平方根,9,7,11,5,heal,12.0,\( √16+√25=? \)
card_331.png,2.0,平方根,12,11,13,14,attack,13.0,\( √144=? \)
card_332.png,2.0,平方根,25,21,23,27,attack,13.0,\( √225=? \)
card_333.png,2.0,平方根,3,1,2,4,defense,13.0,\( √(25-16)=? \)
card_334.png,2.0,平方根,5√2,2√5,6,4√3,defense,14.0,\( √(14+36)=? \)
card_335.png,2.0,平方根,6√2,4√2,6√3,6√6,heal,14.0,\( √6×2√3=? \)
card_336.png,3.0,平方根,27,32,21,25,attack,15.0,\( √729=? \)
card_337.png,3.0,平方根,32,16,24,36,attack,16.0,\( √1024=? \)
card_338.png,3.0,平方根,2√2 + 1,2 + √2 ,4√2 + 1,4+ √2,defense,14.0,\( (4+√2)/√2=? \)
card_339.png,3.0,平方根,-3-2√2,-3-2√3,-1-2√2,1+2√2,defense,15.0,\( (1+√2)/(1-√2)=? \)
card_340.png,3.0,平方根,|x+12y|,|4x+3y|,|2x+6y|,|x+6y|,heal,17.0,\( √(x^2+24xy+144y)? \)
card_341.png,4.0,平方根,128,256,192,144,attack,18.0,\( √16384=? \)
card_342.png,4.0,平方根,210√5,210√10,220√5,200√10,attack,16.0,\( 5√180+180√5=? \)
card_343.png,4.0,平方根,36,32,28,42,defense,18.0,\( √1296=? \)
card_344.png,4.0,平方根,127+48√7,129+24√7,129+48√7,127+24√7,defense,16.0,\( (8+3√7)/(8-3√7)=? \)
card_345.png,4.0,平方根,|4x+3y|,|3x+4y|,|6x+2y|,|2x+6y|,heal,19.0,\( √(16x^2+24xy+144y^2)=? \)
card_346.png,5.0,平方根,98,97,99,96,attack,19.0,\( √9604=? \)
card_347.png,5.0,平方根,1004,1006,1003,1002,defense,20.0,\( √1008016=? \)
card_348.png,5.0,平方根,20√22,19√19,21√17,21√23,attack,19.0,\( √1782+√2662=? \)
card_349.png,5.0,平方根,0.48,0.42,0.49,0.45,defense,19.0,\( √0.0625+√0.0529=? \)
card_350.png,5.0,平方根,25,20,50,21,heal,20.0,"\( √(100+n)=m√5 \)を自然数n,mが満たすとき、取りうる最小のnの値は?"
card_401.png,1.0,複素数,5,3,7,1,attack,16.0,\( |3-4i|=? \)
card_402.png,1.0,複素数,2+3i,-2+3i,-2-3i,3-2i,attack,17.0,\( 2-3i \)の共役複素数は?
card_403.png,1.0,複素数,3,5,2,8,defense,16.0,\( 3+5i \)の実部は?
card_404.png,1.0,複素数,5,3,2,8,defense,17.0,\( 3+5i \)の虚部は?
card_405.png,1.0,複素数,-1+8i,5+8i,5-2i,-1-2i,heal,17.0,\( (2+3i)-(3-5i)=? \)
card_406.png,2.0,複素数,√(a^2+b^2),√(b^2-4a),a+b,√(a^2-b^2),attack,18.0,\( |a+bi|=? \)
card_407.png,2.0,複素数,"i, 2i",iのみ,"i, 2i, 1+2i","i, 2i, 1+2i, 3",attack,18.0,"\( i, 2i, 1+2i, 3 \)次のうち、純虚数はどれ?"
card_408.png,2.0,複素数,3-i,1-i,3+3i,1+3i,defense,18.0,\( (2+i)(1-i)=? \)
card_409.png,2.0,複素数,-7+22i,-23+22i,-7+2i,-23+2i,defense,19.0,\( (-3+2i)(5-4i)=? \)
card_410.png,2.0,複素数,点1を中心とする半径2の円,点-1を中心とする半径2の円,点-1を中心とする一辺が2の正方形,点1を中心とする長径が2の楕円,heal,19.0,\( |z-1|=2 \)が複素数平面上を動く点zにおいて表す図形は?
card_411.png,3.0,複素数,r^n(cosnθ+isinnθ),r^n(-sinnθ+icosnθ),r^n(cosnθ-isinnθ),r^n(sinnθ-icosnθ),attack,19.0,\( z=r(cosθ+isinθ) \)のとき、z^n=?
card_412.png,3.0,複素数,-11-2i,8-i,9-8i,-12+5i,attack,20.0,\( (1+2i)^3=? \)
card_413.png,3.0,複素数,-1+2i,(11+10i)/5,-(11+10i)/3,(5-10i)/3,defense,20.0,\( (3+4i)/(1-2i)=? \)
card_414.png,3.0,複素数,4,2,16,3,defense,20.0,\( (1+i)^2(1-i)^2=? \)
card_415.png,3.0,複素数,(a-bi)/(a^2+b^2),(a+bi)/(a^2+b^2),(a-bi)/(a^2-b^2),(a+bi)/(a^2-b^2),heal,20.0,\( z=a+bi \)のとき、zの逆数は?
card_416.png,4.0,複素数,±√2+i,±1+√2i,±√2-i,±1-√2i,attack,21.0,\( z^2-2iz-3=0 \)を満たす複素数zは?
card_417.png,4.0,複素数,"-1,(1±√3i)/2","-1,(1±√5i)/2","-1,(1±√3i)/4","-1,(1±√5i)/4",attack,21.0,\( z^3=-1 \)を満たす複素数zは?
card_418.png,4.0,複素数,虚軸,実軸,原点を中心とした双曲線,原点を中心とした半径1の円,defense,22.0,\( |z-1|=|z+1| \)が複素数平面上を動く点zにおいて表す図形は?
card_419.png,4.0,複素数,(cosθ-isinθ)/r,(cosθ+isinθ)/r,1/r(cosθ+isinθ),1/r(cosθ-isinθ),heal,21.0,\( z=r(cosθ+isinθ) \)のとき、zの逆数は?
card_420.png,5.0,複素数,√2/2+√2i/2,√3/2+i/2,1/2+√3i/2,1,attack,25.0,\( |√2+√2i+z| \)を最大にするzの値は? 但し、|z|=1
card_421.png,5.0,複素数,1/2-√3i/2,#NAME?,1/2+√3i/2,#NAME?,defense,22.0,"\( z=√3/2+i/2 , z^10=? \)"
card_422.png,5.0,複素数,3,0,1,2,heal,26.0,\( (z^2n+z^n+1) / (z^2+z+1) \)割った余りは?但し、自然数nは3の倍数であるとする。
card_423.png,1.0,微分,2x,x^2,2,x,attack,15.0,\( f(x)=x^2 \) の導関数を求めよ
card_424.png,1.0,微分,3,3x,2,0,heal,15.0,\( f(x)=3x \) の導関数を求めよ
card_425.png,1.0,微分,0,5,1,x,defence,16.0,\( f(x)=5 \) の導関数を求めよ
card_426.png,1.0,微分,1,x,0,2,attack,16.0,\( f(x)=x \) の導関数を求めよ
card_427.png,1.0,微分,4x,2x^2,4,2,heal,17.0,\( f(x)=2x^2 \) の導関数を求めよ
card_428.png,2.0,微分,3x^2,x^3,2x^3,x^2,defence,18.0,\( f(x)=x^3 \) の導関数を求めよ
card_429.png,2.0,微分,4x^3,x^4,3x^4,x^3,attack,18.0,\( f(x)=x^4 \) の導関数を求めよ
card_430.png,2.0,微分,2x+1,2x,x+1,1+2x,heal,19.0,\( f(x)=x^2 + x \) の導関数を求めよ
card_431.png,2.0,微分,15x^2,5x^2,x^3,15x,defence,19.0,\( f(x)=5x^3 \) の導関数を求めよ
card_432.png,2.0,微分,3x^2-1,3x^2,x^2-1,3x,attack,19.0,\( f(x)=x^3 - x \) の導関数を求めよ
card_433.png,3.0,微分,cos x,-cos x,sin x,-sin x,heal,20.0,\( f(x)=\sin x \) の導関数を求めよ
card_434.png,3.0,微分,-sin x,cos x,sin x,-cos x,defence,20.0,\( f(x)=\cos x \) の導関数を求めよ
card_435.png,3.0,微分,e^x,x e^x,ln x,e,attack,21.0,\( f(x)=e^x \) の導関数を求めよ
card_436.png,3.0,微分,1/x,ln x,x,-1/x,heal,21.0,\( f(x)=\ln x \) の導関数を求めよ
card_437.png,3.0,微分,sec^2 x,1+tan^2 x,tan x,cos^2 x,defence,21.0,\( f(x)=\tan x \) の導関数を求めよ
card_438.png,4.0,微分,e^x + x e^x,e^x,x e^x,e^x - x e^x,attack,21.0,\( f(x)=x e^x \) の導関数を求めよ
card_439.png,4.0,微分,sin x + x cos x,cos x + x sin x,sin x - x cos x,x cos x,heal,22.0,\( f(x)=x\sin x \) の導関数を求めよ
card_440.png,4.0,微分,2x/(x^2+1),(x^2+1)/2x,x^2/(x^2+1),2/(x^2+1),defence,22.0,\( f(x)=\ln(x^2+1) \) の導関数を求めよ
card_441.png,4.0,微分,1/(2√x),1/(2x),1/√x,√x/2,attack,23.0,\( f(x)=\sqrt{x} \) の導関数を求めよ
card_442.png,4.0,微分,4x(x^2+1),(x^2+1)^2,2(x^2+1),4(x^2+1)^2,heal,23.0,\( f(x)=(x^2+1)^2 \) の導関数を求めよ
card_443.png,5.0,微分,2x e^(x^2),e^(x^2),2x e^x,x e^(x^2),defence,24.0,\( f(x)=e^{x^2} \) の導関数を求めよ
card_444.png,5.0,微分,x^x(ln x+1),x^x ln x,x^x·x,x^(x-1),attack,24.0,\( f(x)=x^x \) の導関数を求めよ
card_445.png,5.0,微分,1/√(1−x^2),1/(1−x^2),−1/√(1−x^2),x/√(1−x^2),heal,24.0,\( f(x)=\arcsin x \) の導関数を求めよ
card_446.png,5.0,微分,1/(x ln2),1/(ln2),ln2/x,1/(x ln10),defence,25.0,\( f(x)=\log_2 x \) の導関数を求めよ
card_447.png,5.0,微分,−x/y,y/x,x/y,−y/x,attack,25.0,\( x^2+y^2=1 \) 上の点におけるyの導関数を求めよ
card_448.png,1.0,積分,x+C,x,1+C,x^2,heal,14.0,"\( \int1\,dx \) を求めよ"
card_449.png,1.0,積分,x^2/2+C,x^2,x+ C,2x,defence,15.0,"\( \int x\,dx \) を求めよ"
card_450.png,1.0,積分,5x+C,x+5,C,5,attack,16.0,"\( \int5\,dx \) を求めよ"
card_451.png,1.0,積分,x^2+C,x^2/2,2x,C,heal,17.0,"\( \int2x\,dx \) を求めよ"
card_452.png,1.0,積分,x^3/3+C,x^3,x^2/2,C,defence,18.0,"\( \int x^2\,dx \) を求めよ"
card_453.png,2.0,積分,x^2/2+x+C,x^2+ C,x+1,2x,attack,18.0,"\( \int(x+1)\,dx \) を求めよ"
card_454.png,2.0,積分,x^3+C,3x^2,x^2,C,heal,18.0,"\( \int3x^2\,dx \) を求めよ"
card_455.png,2.0,積分,2^x/ln2+C,2^x,C,ln2,defence,19.0,"\( \int2^x\,dx \) を求めよ"
card_456.png,2.0,積分,−cos x+C,sin x,C,cos x,attack,19.0,"\( \int\sin x\,dx \) を求めよ"
card_457.png,2.0,積分,sin x+C,−cos x,C,cos x,heal,19.0,"\( \int\cos x\,dx \) を求めよ"
card_458.png,3.0,積分,ln|x|+C,1/x,C,x,defence,20.0,"\( \int\frac{1}{x}\,dx \) を求めよ"
card_459.png,3.0,積分,e^x+C,e^x +1,C,x e^x,attack,21.0,"\( \int e^x\,dx \) を求めよ"
card_460.png,3.0,積分,−tfrac12 cos2x+C,tfrac12 cos2x,C,\sin2x,heal,21.0,"\( \int\sin2x\,dx \) を求めよ"
card_461.png,3.0,積分,tan x+C,sec^2 x,C,sin x,defence,21.0,"\( \int\sec^2x\,dx \) を求めよ"
card_462.png,3.0,積分,arctan x+C,1/(x^2+1),ln x,C,attack,22.0,"\( \int\frac{1}{x^2+1}\,dx \) を求めよ"
card_463.png,4.0,積分,x e^x−e^x+C,e^x−x e^x,C,x e^x,attack,22.0,"\( \int x e^x\,dx \) を求めよ"
card_464.png,4.0,積分,x ln x−x+C,ln x+x,C,x^2,heal,22.0,"\( \int\ln x\,dx \) を求めよ"
card_465.png,4.0,積分,tfrac12 ln(x^2+1)+C,ln|x|,x/(x^2+1),1/(x^2+1),defence,22.0,"\( \int\frac{x}{x^2+1}\,dx \) を求めよ"
card_466.png,4.0,積分,x/2−sin2x/4+C,x/2+sin2x/4,C,sin^2x,attack,23.0,"\( \int\sin^2x\,dx \) を求めよ"
card_467.png,4.0,積分,x/2+sin2x/4+C,−x/2+sin2x/4,C,cos^2x,heal,23.0,"\( \int\cos^2x\,dx \) を求めよ"
card_468.png,5.0,積分,tfrac12 e^{x^2}+C,e^{x^2},x e^{x^2},e^x,defence,24.0,"\( \int x e^{x^2}\,dx \) を求めよ"
card_469.png,5.0,積分,e^x(x^2−2x+2)+C,x^2 e^x−2x e^x,C,e^x,attack,24.0,"\( \int x^2 e^x\,dx \) を求めよ"
card_470.png,5.0,積分,tfrac12,1/3,1/2,1/4,heal,24.0,"\( \int_{0}^{1}x\,dx \) を求めよ"
card_471.png,5.0,積分,1,2,π,0,defence,25.0,"\( \int_{0}^{\frac{\pi}{2}}\sin x\,dx \) を求めよ"
card_472.png,5.0,積分,2,π,1,0,attack,25.0,"\( \int_{0}^{\pi}\sin x\,dx \) を求めよ"
card_473.png,1.0,極限,0,1,−1,∞,attack,14.0,\( \lim_{x\to1}(x^2-1) \) を求めよ
card_474.png,1.0,極限,3,2,−3,0,heal,15.0,\( \lim_{x\to2}3 \) を求めよ
card_475.png,1.0,極限,5,0,−5,∞,defence,15.0,\( \lim_{x\to a}5 \) を求めよ
card_476.png,1.0,極限,1,0,−1,2,attack,16.0,\( \lim_{x\to1}\frac{x}{x} \) を求めよ
card_477.png,1.0,極限,0,5,1,−1,heal,17.0,\( \lim_{x\to0}5x \) を求めよ
card_478.png,2.0,極限,0,1,∞,−1,defence,18.0,\( \lim_{x\to0}x^2 \) を求めよ
card_479.png,2.0,極限,0,1,−1,∞,attack,18.0,\( \lim_{x\to\infty}\frac{1}{x} \) を求めよ
card_480.png,2.0,極限,1,0,∞,−1,heal,19.0,\( \lim_{x\to\infty}\frac{x}{x+1} \) を求めよ
card_481.png,2.0,極限,4,2,1,0,defence,19.0,\( \lim_{x\to2}\frac{x^2-4}{x-2} \) を求めよ
card_482.png,2.0,極限,1,0,−1,2,attack,19.0,\( \lim_{x\to0}(1+x) \) を求めよ
card_483.png,3.0,極限,1,0,−1,∞,heal,20.0,\( \lim_{x\to0}\frac{\sin x}{x} \) を求めよ
card_484.png,3.0,極限,1/2,1/3,1,2,defence,20.0,\( \lim_{x\to0}\frac{1-\cos x}{x^2} \) を求めよ
card_485.png,3.0,極限,1,0,−1,2,attack,21.0,\( \lim_{x\to0}\frac{e^x-1}{x} \) を求めよ
card_486.png,3.0,極限,0,1,−1,∞,heal,21.0,\( \lim_{x\to\infty}\frac{\ln x}{x} \) を求めよ
card_487.png,3.0,極限,1,0,−1,2,defence,22.0,\( \lim_{x\to\infty}\frac{x-\ln x}{x} \) を求めよ
card_490.png,4.0,極限,−1/6,1/6,0,1,defence,23.0,\( \lim_{x\to0}\frac{\sin x - x}{x^3} \) を求めよ
card_491.png,4.0,極限,1/2,1/3,−1/2,1,attack,23.0,\( \lim_{x\to0}\frac{e^x - 1 - x}{x^2} \) を求めよ
card_492.png,4.0,極限,−1/2,1/2,0,1,heal,23.0,\( \lim_{x\to0}\frac{\ln(1+x) - x}{x^2} \) を求めよ
card_493.png,5.0,極限,1,0,−1,2,defence,24.0,\( \lim_{x\to0^+}x^x \) を求めよ
card_494.png,5.0,極限,1,0,2,∞,attack,24.0,\( \lim_{n\to\infty}n^{1/n} \) を求めよ
card_496.png,5.0,極限,1,0,−1,2,defence,25.0,\( \lim_{x\to\infty}\frac{x}{\sqrt{x^2+1}} \) を求めよ
card_497.png,5.0,極限,ln3,3,1,0,attack,25.0,\( \lim_{x\to0}\frac{3^x-1}{x} \) を求めよ
card_498.png,1.0,確率,1/2,1/3,1/4,2/3,attack,13.0,コインを１回投げて表が出る確率を求めよ
card_499.png,1.0,確率,1/6,1/3,1/4,1/2,heal,13.0,サイコロを１回投げて１の目が出る確率を求めよ
card_500.png,1.0,確率,1/4,1/13,1/2,3/4,heal,13.0,トランプから１枚引いてスペードが出る確率を求めよ
card_501.png,1.0,確率,2/5,3/5,1/2,1/3,attack,14.0,赤玉３個・白玉２個の袋から１個取り出して白玉である確率を求めよ
card_502.png,1.0,確率,1/5,3/5,1/3,4/5,attack,14.0,赤玉１個・白玉４個の袋から１個取り出して赤玉である確率を求めよ
card_503.png,2.0,確率,1/2,1/4,1/3,2/3,heal,14.0,コインを２回投げて表がちょうど１回出る確率を求めよ
card_504.png,2.0,確率,1/2,1/3,2/3,3/4,heal,15.0,サイコロを２回投げて和が偶数になる確率を求めよ
card_505.png,2.0,確率,2/5,1/5,3/5,1/2,heal,15.0,赤玉３個・白玉２個の袋から２個取り出し、同色である確率を求めよ
card_506.png,2.0,確率,1/17,1/13,1/52,1/4,attack,16.0,トランプから２枚引いて両方ハートである確率を求めよ
card_507.png,2.0,確率,3/4,1/2,2/3,1/3,heal,16.0,コインを２回投げて少なくとも１回表が出る確率を求めよ
card_508.png,3.0,確率,1/3,1/6,1/2,1/4,heal,17.0,サイコロを１回投げて偶数であるとわかっているとき、４の目が出る確率を求めよ
card_509.png,3.0,確率,1/3,1/2,1/4,2/3,diffence,17.0,コインを２回投げ、少なくとも１回表が出るとわかったとき両方表である確率を求めよ
card_510.png,3.0,確率,3/51,1/13,2/51,3/52,heal,18.0,トランプを１枚引いてエースだったとき、次に引くエースの確率を求めよ
card_511.png,3.0,確率,1/2,3/4,1/3,2/3,diffence,18.0,袋から赤玉３個・白玉２個を１回引き赤玉であったとき、次に白玉を引く確率を求めよ
card_512.png,3.0,確率,13/51,1/4,1/17,25/102,heal,19.0,トランプを引いてスペードだったとき、次にハートを引く確率を求めよ
card_513.png,4.0,確率,27/216,1/6,1/16,1/12,attack,20.0,サイコロを３回投げて目の和が10になる確率を求めよ
card_514.png,4.0,確率,778320/2598960,103776/2598960,1712304/2598960,4512/2598960,diffence,28.0,５枚引いたトランプにちょうど１枚のエースが含まれる確率を求めよ
card_515.png,4.0,確率,3/11,1/11,5/11,7/11,heal,23.0,赤玉３個・白玉４個・青玉５個の袋から３個同時に取り出し、すべて色が異なる確率を求めよ
card_516.png,4.0,確率,1/8,1/6,1/12,1/36,heal,23.0,４回サイコロを投げてすべて異なる目が出る確率を求めよ
card_517.png,4.0,確率,117/850,11/850,9633/22100,9139/22100,attack,23.0,トランプを３枚引いてスペードが２枚出る確率を求めよ
card_518.png,5.0,確率,0.2668,0.2335,0.1999,0.1172,diffence,25.0,成功確率0.3の実験を10回行い成功がちょうど3回起こる確率を求めよ
card_519.png,5.0,確率,5/12,1/12,4/12,1/12,attack,25.0,赤玉5個・白玉5個の袋から3個を取り出し赤玉が2個である確率を求めよ
card_520.png,5.0,確率,19/20,1/20,9/20,7/20,attack,25.0,赤玉3個・白玉3個の袋から3個取り出し赤玉が少なくとも1個出る確率を求めよ
card_521.png,5.0,確率,3328/22100,117/850,11/850,9139/22100,diffence,25.0,トランプを3枚引いてスペードが2枚以上出る確率を求めよ
card_522.png,5.0,確率,0.1875,0.8125,0.46875,0.8125,diffence,26.0,コインを5回投げて表が4回以上出る確率を求めよ
card_523.png,1.0,数列,5,3,4,0,diffence,13.0,等差数列の第1項が1、公差が2のとき、第3項を求めよ。
card_524.png,1.0,数列,9,3,0,2,attack,13.0,等比数列の第1項が1、公比が3のとき、第3項を求めよ
card_525.png,1.0,数列,8,9,5,2,attack,14.0,\( a_n=3n-1 \)が一般項の数列の第3項を求めよ
card_526.png,2.0,数列,3n-2,3n-1,n-3,n+3,heal,14.0,初項が1、公差が3の数列の一般項を求めよ。
card_527.png,2.0,数列,2n+3,3n-1,2n-3,n+3,heal,15.0,公差が2、第10項が23の数列の一般項を求めよ。
card_528.png,2.0,数列,-2n+15,2n-1,2n-3,-n+3,attack,16.0, 第4項が7、第10項が-5の数列の一般項を求めよ。
card_529.png,3.0,数列,155,100,135,140,attack,16.0,初項が2、公差が3、項数が10である等差数列の和を求めよ。
card_530.png,3.0,数列,120,100,125,140,diffence,17.0,初項が7、末項が3、項数が8である等差数列の和を求めよ。
card_531.png,3.0,数列,-2n+7,-2n+5,-2n,7+2n,heal,18.0,初項が5、初項から第10項までの和が-40である等差数列の一般項を求めよ。
card_532.png,4.0,数列,2,13,16,21,attack,19.0,\( a_n=2^{n-1} \)数列の第2項を求めよ
card_533.png,4.0,数列,27,13,16,21,attack,21.0,\( a_n=n^3 \)数列の第4項を求めよ
card_534.png,4.0,数列,8,2,7,9,heal,21.0,初項13、公差-2の等差数列において、初めて負の項となる項は第何項目か答えよ。
card_535.png,5.0,数列,900,800,300,1000,attack,22.0,\( \sum_{k=1}^{20}(4k+3) \)
card_536.png,5.0,数列,6n-4,5n-2,7n-2,7n-4,attack,22.0,\( S_n=3n^2-n \)数列の和が次の式のとき、この数列の一般項を求めよ。
card_537.png,5.0,数列,(n-1)2^n+1,2^n-1,(n+5)^2,n+2^n,attack,23.0,\( S=1+2\cdot2+3\cdot2^2+\cdots+n\cdot2^{n-1} \)数列の和を求めよ。
card_538.png,1.0,ベクトル,22,14,12,14,heal,14.0,"\( \vec{a}=(1,4), \vec{b}=(2,5) \) の内積を求めよ。"
card_539.png,1.0,ベクトル,4,5,6,2,attack,15.0,"\( \vec{a}=(1,1), \vec{b}=(2,2) \) の内積を求めよ。"
card_540.png,1.0,ベクトル,32,17,14,22,diffence,15.0,"\( \vec{a}=(1,5), \vec{b}=(2,6) \) の内積を求めよ。"
card_541.png,1.0,ベクトル,14,11,10,8,heal,16.0,"\( \vec{a}=(1,3), \vec{b}=(2,4) \) の内積を求めよ。"
card_542.png,1.0,ベクトル,8,8,8,4,heal,16.0,"\( \vec{a}=(1,2), \vec{b}=(2,3) \) の内積を求めよ。"
card_543.png,2.0,ベクトル,32,17,14,22,attack,17.0,"\( \vec{a}=(1,5), \vec{b}=(2,6) \) の内積を求めよ。"
card_544.png,2.0,ベクトル,22,14,12,14,diffence,17.0,"\( \vec{a}=(1,4), \vec{b}=(2,5) \) の内積を求めよ。"
card_545.png,2.0,ベクトル,4,5,6,2,diffence,17.0,"\( \vec{a}=(1,1), \vec{b}=(2,2) \) の内積を求めよ。"
card_546.png,2.0,ベクトル,14,11,10,8,heal,18.0,"\( \vec{a}=(1,3), \vec{b}=(2,4) \) の内積を求めよ。"
card_547.png,2.0,ベクトル,4,5,6,2,heal,18.0,"\( \vec{a}=(1,1), \vec{b}=(2,2) \) の内積を求めよ。"
card_548.png,3.0,ベクトル,22,14,12,14,diffence,18.0,"\( \vec{a}=(1,4), \vec{b}=(2,5) \) の内積を求めよ。"
card_549.png,3.0,ベクトル,8,8,8,4,diffence,18.0,"\( \vec{a}=(1,2), \vec{b}=(2,3) \) の内積を求めよ。"
card_550.png,3.0,ベクトル,5,7,6,2,diffence,20.0,"\( \mathbf{v}=(3,4) \)ベクトルの長さを求めよ"
card_551.png,3.0,ベクトル,11,17,14,22,attack,20.0,"\( \mathbf{v}=(1,2),\mathbf{w}=(3,4) \)の内積を求めよ"
card_552.png,3.0,ベクトル,π/4,17,14,22,heal,20.0,"\( \mathbf{v}=(1,0),\mathbf{w}=(1,1) \)ベクトル間の角度を求めよ"
card_553.png,4.0,ベクトル,2√5,17,14,22,diffence,20.0,"\( \mathbf{v}=(3,4),\mathbf{w}=(2,1) \)ベクトルの射影の大きさを求めよ"
card_554.png,4.0,ベクトル,6,8,8,4,heal,16.0,"\( \mathbf{v}=(1,2,0),\mathbf{w}=(2,0,2) \)ベクトルの外積の大きさを求めよ"
card_555.png,4.0,ベクトル,[3.4],[2.5],[4.3],14,attack,14.0,"\( \mathbf{v}=(2,1),\mathbf{w}=(1,3) \)ベクトルの和を求めよ"
card_556.png,4.0,ベクトル,3/5,4/5,1,2/5,diffence,15.0,"\( \mathbf{v}=(3,4) \)ベクトルの単位ベクトルを求めよ"
card_557.png,4.0,ベクトル,5,11,10,8,attack,17.0,"\( \overrightarrow{AB}=(3,4) \)点A(1,2)、B(4,6)の距離を求めよ"
card_558.png,5.0,ベクトル,5,8,8,4,heal,18.0,"\( \mathbf{v}=(1,2),\mathbf{w}=(3,1) \)平行四辺形の面積を求めよ"
card_559.png,5.0,ベクトル,-0.5,-1,1/2,4,attack,18.0,"\( \mathbf{v}=(2,t),\mathbf{w}=(1,4) \)ベクトルが直交するようなtの値を求めよ"
card_560.png,5.0,ベクトル,"[4,-2]","[2,2]","[4,2]","[2,-2]",attack,19.0,"\( \mathbf{v}=(2,-1) \)ベクトルを2倍したベクトルを求めよ"
card_561.png,5.0,ベクトル,"[3,2]","[2,3]","[4,2]","[3,1]",heal,19.0,"\( \mathbf{v}=(5,3),\mathbf{w}=(2,1) \)ベクトルの差を求めよ"
card_562.png,5.0,ベクトル,"[2,1]","[1,2]","[3,5]","[0,5]",heal,20.0,"\( \mathbf{A}=(0,0),\mathbf{B}=(4,2) \)点A(0,0)、B(4,2)の中点を求めよ"
