image,st,bunya,ans,imans1,imans2,imans3,effect_type,power,question
比例・反比例.png,1,比例・反比例,25,20,30,35,attack,3,1分で50mのペースで歩くとき、5分間ではなんm進みますか？
比例・反比例.png,1,比例・反比例,50,30,40,60,defence,3,１分で５０mのペースで歩くとき、10分間ではなんm進みますか？
比例・反比例.png,1,比例・反比例,150,300,200,100,attack,3,１分で５０mのペースで歩くとき、3分間ではなんm進みますか？
比例・反比例.png,1,比例・反比例,2,3,4,5,defence,3,１２kmを１時間で６kmのペースで走るとき、走り切るのに何時間かかりますか？
比例・反比例.png,1,比例・反比例,3,2,4,5,heal,3,１５kmを１時間で５kmのペースで走るとき、走り切るのに何時間かかりますか？
比例・反比例.png,2,比例・反比例,900,600,750,1000,attack,4,10本の重さが150gの釘があります。この釘60本の重さは何gですか？
比例・反比例.png,2,比例・反比例,4,3,6,27,defence,4,面積が36cm?の長方形があります。たての長さが9cmのとき、横の長さは何cmですか？
比例・反比例.png,2,比例・反比例,10,11,14,9,attack,4,ある仕事を終わらせるのに、5人ですると12日かかります。この仕事を6人ですると、何日で終わりますか？
比例・反比例.png,2,比例・反比例,1050,900,1000,750,defence,4,3mで450円のリボンがあります。このリボンを7m買うと、代金はいくらですか？
比例・反比例.png,2,比例・反比例,2,1.5,2.5,4.5,heal,4,時速60kmで進むと3時間かかる道のりがあります。この道のりを時速90kmで進むと、何時間かかりますか？
比例・反比例.png,3,比例・反比例,15,10,20,7,attack,5,歯数が60の歯車Aが10回転するとき、かみ合っている歯数が40の歯車Bは何回転しますか？
比例・反比例.png,3,比例・反比例,4.8,5,13.3,6.5,defence,5,ある畑を耕すのに、トラクター3台を使うと8時間かかります。同じトラクター5台を使うと何時間かかりますか？
比例・反比例.png,3,比例・反比例,2,20,200,0.2,attack,5,縮尺が1:25000の地図で、2つの町の間の長さが8cmでした。実際の距離は何kmですか？
比例・反比例.png,3,比例・反比例,5,15,20,10,defence,5,1個150円のりんごを予算3000円で買うと20個買えます。もし1個200円のりんごなら、買える個数は何個減りますか？
比例・反比例.png,3,比例・反比例,8,6,18,7,heal,5,高さ2mの木の影の長さが3mのとき、同じ時刻の、影の長さが12mの電柱の高さは何mですか？
比例・反比例.png,4,比例・反比例,12,10,11,15,attack,7,"5,8人で15日かかる仕事があります。最初の5日間は8人で働き、6日目から4人増えました。仕事が終わるのは全部で何日目ですか？"
比例・反比例.png,4,比例・反比例,2880,288,3000,1250,defence,7,500gで600円の牛肉があります。この牛肉を2.4kg買うと代金はいくらになりますか？
比例・反比例.png,4,比例・反比例,12,10,75,15,attack,7,満水の状態から、ポンプ2台で水を抜くと30分かかります。同じポンプを最初から5台使うと、何分で水がなくなりますか？
比例・反比例.png,4,比例・反比例,350,300,20,400,defence,7,兄は分速80m、弟は分速60mで、家から1.4km離れた駅に同時に向かいました。兄が駅に着いた時、弟は駅の何m手前にいますか？
比例・反比例.png,4,比例・反比例,26,20,30,25,heal,7,ある食料は15人なら40日間もちます。この食料を20人で10日間食べた後、残りを15人で食べると、あと何日間もちますか？
比例・反比例.png,5,比例・反比例,15,24,40,20,attack,10,Aの蛇口から1分間に3L、Bの蛇口から1分間に5Lの水が出ます。AとBを同時に使って120Lの水槽をいっぱいにするには何分かかりますか？
比例・反比例.png,5,比例・反比例,111,100,125,80,defence,10,家から駅まで分速80mで歩くと20分かかります。最初の6分を分速100mで歩いた後、残りを9分で着くには分速約何mが必要ですか？
比例・反比例.png,5,比例・反比例,90,60,75,120,attack,10,同じ長さのろうそくAとBがあります。Aは3時間、Bは2時間で燃え尽きます。同時に火をつけた時、Aの長さがBの2倍になるのは何分後ですか？
比例・反比例.png,5,比例・反比例,21,20,23,18,defence,10,6人ですると20日かかる仕事があります。8日間働いた後、2人が3日間休み、その後全員で再開しました。合計で何日かかりましたか？
比例・反比例.png,5,比例・反比例,40,32,50,25,heal,10,5台の印刷機で書類を印刷すると32分かかります。同じ仕事を4台の印刷機で行うと、何分かかりますか？
小数(小学校).png,1,小数,0.7,0.07,7,0.3,attack,3,0.2 + 0.5 を計算しなさい。
小数(小学校).png,1,小数,3.7,3.07,2.7,1.1,heal,3,1.4 + 2.3 を計算しなさい。
小数(小学校).png,1,小数,0.3,3,0.15,1.5,attack,3,0.9 - 0.6 を計算しなさい。
小数(小学校).png,1,小数,3.3,3.03,2.3,8.3,heal,3,5.8 - 2.5 を計算しなさい。
小数(小学校).png,1,小数,0.6,1.4,6,0.06,attack,3,1Lのジュースを0.4L飲みました。残りは何Lですか？
小数(小学校).png,2,小数,4.05,3.05,4.5,2.61,heal,4,1.6 + 2.45 を計算しなさい。
小数(小学校).png,2,小数,2.8,3.8,3.2,2.2,attack,4,4 - 1.2 を計算しなさい。
小数(小学校).png,2,小数,7.2,6.2,72,6.12,heal,4,2.4 × 3 を計算しなさい。
小数(小学校).png,2,小数,2.4,24,2.3,3.4,attack,4,9.6 ÷ 4 を計算しなさい。
小数(小学校).png,2,小数,0.6,6,5.4,0.5,heal,4,1.8mのひもを3人で等分すると、1人分は何mですか？
小数(小学校).png,3,小数,5.6,56,4.1,3.516,attack,5,3.5 × 1.6 を計算しなさい。
小数(小学校).png,3,小数,0.56,5.6,56,1.5,heal,5,0.7 × 0.8 を計算しなさい。
小数(小学校).png,3,小数,2.5,25,0.25,3.5,attack,5,12.5 ÷ 5 を計算しなさい。
小数(小学校).png,3,小数,200,20,2000,160,heal,5,1mの値段が80円のリボンがあります。このリボン2.5mの代金はいくらですか？
小数(小学校).png,3,小数,9,0.9,8,90,attack,5,7.2Lの油を、0.8Lずつびんに入れます。びんは何本できますか？
小数(小学校).png,4,小数,4,4.2,0.4,40,heal,7,8.4 ÷ 2.1 を計算しなさい。
小数(小学校).png,4,小数,3.5,35,3.05,4,attack,7,9.1 ÷ 2.6 を計算しなさい。
小数(小学校).png,4,小数,6.7,6.6,7,6.66,heal,7,20÷3を、小数第2位を四捨五入して小数第1位まで求めなさい。
小数(小学校).png,4,小数,4.8,48,4.2,5,attack,7,面積が31.2cm_で、横の長さが6.5cmの長方形のたての長さは何cmですか？
小数(小学校).png,4,小数,6,0.6,60,5,heal,7,4.5Lのジュースを、0.75Lずつコップに分けます。コップは何個必要ですか？
小数(小学校).png,5,小数,6,4,5.5,60,attack,10,(1.8+2.2)×1.5 を計算しなさい。
小数(小学校).png,5,小数,5,105,11.5,17.5,heal,10,20 - 2.5 × 6 を計算しなさい。
小数(小学校).png,5,小数,9,4,10.8,8,attack,10,赤いテープは5m、青いテープは赤いテープの0.8倍の長さです。2本のテープの長さの合計は何mですか？
小数(小学校).png,5,小数,2.3,11.5,3,2.5,heal,10,15kgのお米を、最初に3.5kg使いました。残りを5つのふくろに等しく分けると、1ふくろあたり何kgになりますか？
小数(小学校).png,5,小数,14.4,28.8,10.9,144,attack,10,たて4.5m、横6.4mの畑に、1m_あたり0.5kgの肥料をまきます。全部で何kgの肥料が必要ですか？
分数(小学校).png,1,分数, 3/5, 2/5, 2/7, 1/5,attack,3,1/5 + 2/5 を計算しなさい。
分数(小学校).png,1,分数, 3/7, 5/7, 1/5,1,heal,3,4/7 - 1/7 を計算しなさい。
分数(小学校).png,1,分数, 1/4, 3/4, 1/2,1  1/3 ,attack,3,1 - 3/4 を計算しなさい。
分数(小学校).png,1,分数,  7/9 ,  7/18,  1/3 ,1,heal,1,2/9 + 5/9 を計算しなさい。
分数(小学校).png,1,分数,  7/8 ,  1/8 ,1  1/7 ,8,attack,1,ピザを8つに切りました。そのうちの1つを食べました。残りは全体のどれだけですか？
分数(小学校).png,2,分数,1と3/5,1と2/5,  3/5 ,1と3/10,heal,2,1と1/5 + 2/5 を計算しなさい。
分数(小学校).png,2,分数,1と1/2,1と4/8,1と3/8,  1/2 ,attack,2,2と5/8 - 1と1/8 を計算し、約分しなさい。
分数(小学校).png,2,分数,  3/5 ,  3/10,  1/2 ,  3/50,heal,2,3/5 を、分母が10の分数になおしなさい。
分数(小学校).png,2,分数,同じ,1/2が大きい,2/4が大きい,わからない,attack,2,1/2 と 2/4 の大きさはどちらが大きいですか？
分数(小学校).png,2,分数,  1/2 ,2,1,  1/4 ,heal,2,1Lのジュースを2人で等しく分けると、1人分は何Lですか？
分数(小学校).png,3,分数,  5/6 ,  2/5 ,  1/6 ,  1/5 ,attack,3,1/2 + 1/3 を計算しなさい。
分数(小学校).png,3,分数,  7/20,1,  2/3 ,  1/4 ,heal,3,3/4 - 2/5 を計算しなさい。
分数(小学校).png,3,分数,2  2/3 ,6,2と2/3,  1/6 ,attack,3,2/3 × 4 を計算しなさい。
分数(小学校).png,3,分数,  5/12,1  2/3 ,1  2/3 ,2と2/5,heal,3,5/6 ÷ 2 を計算しなさい。
分数(小学校).png,3,分数,2  1/4 ,1  3/4 ,2と1/4,2,attack,3,帯分数の 2と1/4 を仮分数に直しなさい。
分数(小学校).png,4,分数,  8/15,  3/4 ,1,  2/15,heal,4,2/3 × 4/5 を計算しなさい。
分数(小学校).png,4,分数,1  1/4 ,1,1と1/4,  5/9 ,attack,4,5/6 ÷ 2/3 を計算しなさい。
分数(小学校).png,4,分数,  3/10,  3/10,  5/6 ,1,heal,4,3/4 mのリボンの、2/5 の長さは何mですか？
分数(小学校).png,4,分数,4,  1/4 ,12,3,attack,4,2/3 kgの小麦粉を、1/6 kgずつ袋に分けます。何袋できますか？
分数(小学校).png,4,分数,  1/2 ,  5/7 ,2,  1/3 ,heal,4,1時間で 3/4 km歩く人は、2/3 時間で何km歩きますか？
分数(小学校).png,5,分数,  7/12,  1/4 ,  1/8 ,  7/24,attack,5,1/2 + 1/3 × 1/4 を計算しなさい。
分数(小学校).png,5,分数,1  1/4 ,  1/20,1,1と1/4,heal,5,(3/4 - 1/2) ÷ 1/5 を計算しなさい。
分数(小学校).png,5,分数,1  7/8 ,  3/10,1と7/8,  8/15,attack,5,2/5 Lのペンキで 3/4 m_ぬれます。このペンキ1Lでは何m_ぬれますか？
分数(小学校).png,5,分数,40,30,80,  2/3 ,heal,5,ある水槽を満水にするのにA管で1時間、B管で2時間かかります。両方使うと何分かかりますか？
分数(小学校).png,5,分数,3000,2500,1500,5000,attack,5,兄と弟の所持金の比は3:2で、兄が弟に500円あげると同じ額になりました。はじめの兄の所持金はいくらですか？
方程式.png,1,方程式,1,2,-1,3,heal,2,2x + 3 = 5
方程式.png,1,方程式,-2,-3,-4,-5,attack,3,6x + 4 = -8
方程式.png,1,方程式,3,4,5,2,attack,4,5x + 3 = 18
方程式.png,1,方程式,-3,-4,-2,-5,defense,3,8x + 6 = -18
方程式.png,1,方程式,-2,-1,0,-3,defense,4,-2x + 3 = 5
方程式.png,2,方程式,(c-b)/a,(b-c)/a,(c-a)/b,(b-a)/c,attack,3,方程式 (ax + b = c) を解くと、x = ?
方程式.png,2,方程式,(b-c)/a,(c-b)/a,(c+a)/b,(b+a)/c,attack,4,方程式 (-ax + b = c) を解くと、x = ?
方程式.png,2,方程式,(c+b)/a,(c-b)/a,(b-c)/a,(b+a)/c,defense,4,方程式 (ax - b = c) を解くと、x = ?
方程式.png,2,方程式,-(c+b)/a,-(c+a)/b,(b-c)/a,(c+b)/a,heal,4,方程式 (ax + b = -c) を解くと、x = ?
方程式.png,2,方程式,(c-b)/a,(b-c)/a,(c+b)/a,-(c+b)/a,attack,7,方程式 (-ax - b = -c) を解くと、x = ?
方程式.png,3,方程式,3,2,4,-1,heal,4,3x + 2 = 4x － 1
方程式.png,3,方程式,3,4,5,1,attack,5,2x + 5 = 5x － 4
方程式.png,3,方程式,1月2日,1月3日,2,1,attack,6,-4x + 2 = 6x － 3
方程式.png,3,方程式,7月13日,-0.076923077,1月13日,-0.538461538,attack,5,-7x + 3 = 6x － 4
方程式.png,3,方程式,2,-1,12,-2,defense,5,6x + -7 = -6x － 5
方程式.png,4,方程式,"4,12","3,9","5,15","6,18",attack,6,合計が16になるような2つの数のうち、一方は他方の3倍であるとき、その2つの数は？
方程式.png,4,方程式,2時間半,3時間,1時間半,1時間,attack,7,時速60kmの車が、150km先の目的地に辿り着くには何時間掛かる？
方程式.png,4,方程式,5x+3,3x+5,x+3,5x,heal,5,5人にリンゴを均等に分けると、リンゴが3つ余った。リンゴの総数はどの関数で表せる？
方程式.png,4,方程式,1600,1200,1800,1500,defense,5,ある本の価格は定価の80%。定価が2000円のとき、実際の価格は？
方程式.png,4,方程式,220,120,160,240,attack,6,ある池には100匹の魚がいる。毎月20匹ずつ増えるとき、半年後に池にいる魚の数は？
方程式.png,5,方程式,6.25,5.5,8.75,5.25,attack,7,合計が25になるような2つの数のうち、一方は他方の3倍であるとき、小さい方の数は？
方程式.png,5,方程式,25,20,15,10,attack,8,公園にいる鳥の数は、猫の数の2倍より5匹多い。猫が10匹いるなら、鳥は何匹いる？
方程式.png,5,方程式,51200,25600,102400,64000,defense,9,8人のグループで、1人あたり1日800円ずつ費用を負担するとき、グループ全体で8日間の活動費用は合計でいくら？
方程式.png,5,方程式,2475,2500,2250,2525,heal,9,5000円の商品が50%割引されて、さらに10%の割引が適用された後、消費税の10%が加算された場合、最終的な価格はいくら？
方程式.png,5,方程式,1980,2100,1800,1890,attack,9,3000円の商品が30%割引されて、さらに300円の割引が適用された後、消費税の10%が加算された場合、最終的な価格はいくら？
連立方程式.png,1,連立方程式,"x=8,y=2","x=6,y=4","x=6,y=2","x=4,y=4",defense,1,{_(x+y=10@2y=4)┤
連立方程式.png,1,連立方程式,"x=3,y=4","x=2,y=4","x=4,y=4","x=4,y=2",defense,2,{_(2x+y=10@y+1=5)┤
連立方程式.png,1,連立方程式,"x=1,y=2","x=2,y=2","x=-1,y=2","x=-1/2,y=3",attack,3,{_(2x+3y=8@3y=6)┤
連立方程式.png,1,連立方程式,"x=3,y=0","x=3/2,y=2","x=0,y=4","x=2,y=1",attack,3,{_(4x+3y=12@y-2=-2)┤
連立方程式.png,1,連立方程式,"x=15,y=5","x=10,y=10","x=5,y=15","x=20,y=10",heal,2,{_(x+y=20@x-y=10)┤
連立方程式.png,2,連立方程式,"x=3,y=-1/2","x=1,y=1/2","x=2,y=-1/3","x=4,y=-1",attack,4,{_(x+2y=2@x-2y=4)┤
連立方程式.png,2,連立方程式,"x=2,y=1","x=2,y=-1","x=3,y=1","x=1/3,y=3",attack,5,{_(3x+2y=7@x+y=3)┤
連立方程式.png,2,連立方程式,"x=3,y=0","x=0,y=4","x=4,y=1","x=-1,y=2",heal,3,{_(4x+3y=12@x-y=3)┤
連立方程式.png,2,連立方程式,"x=3,y=1","x=2,y=-2","x=2,y=0","x=1,y=3",attack,5,{_(x-y=2@3x-y=8)┤
連立方程式.png,2,連立方程式,"x=3,y=-4","x=3,y=4","x=2,y=-5","x=0,y=5",heal,4,{_(x-y=7@3x+y=5)┤
連立方程式.png,3,連立方程式,"x=13/2,y=-9/4","x=-9/2,y=13/2","x=11/2,y=-11/2","x=11/2,y=-9/2",attack,5,{_(x+2y=2@x-2y=11)┤
連立方程式.png,3,連立方程式,"x=13/10,y=-9/4","x=9/4,y=3/4","x=15/4,y=-15/4","x=2,y=-4",defense,5,{_(5x+2y=2@5x-2y=11)┤
連立方程式.png,3,連立方程式,男性14名・女性7名,男性7名・女性14名,男性5名・女性16名,男性12名・女性6名,defense,5,ある大会の参加者は男女計 21 人。男性の人数は女性の人数の2倍であるとき、男性と女性のそれぞれの人数は？
連立方程式.png,3,連立方程式,1000円,1500円,1300円,800円,attack,5,商品Aの値段は、商品Bの値段の1.5倍であり、商品Aを2点、商品Bを1点購入したところ、3500円となった。商品Aの値段は？
連立方程式.png,3,連立方程式,"毎分8L=20分,毎分12L=10分","毎分8L=15分,毎分12L=15分","毎分8L=18分,毎分12L=12分","毎分8L=22分,毎分12L=8分",heal,5,容積が280リットルの浴槽に毎分8Lで水を入れ続け、その後毎分12Lに変更し水を入れ続けたら30分で満杯となった。それぞれの時間を求めよ。
連立方程式.png,4,連立方程式,"x=5/2,y=9/4","x=-5/2,y=9/4","x=3/4,y=25/4","x=1,y=3",attack,7,{_(3x+2y=12@2x+4y=14)┤
連立方程式.png,4,連立方程式,解は存在しない,"x=2,y=1","x=4,y=0","x=5,y=1/8",heal,5,{_(8x+16y=24@32x+64y=128)┤
連立方程式.png,4,連立方程式,男性19名・女性8名,男性15名・女性12名,男性8名・女性19名,男性21名・女性6名,defense,6,ある大会の参加者は男女計 27 人。男性の人数は女性の人数の3倍より5人少ないとき、男性と女性のそれぞれの人数は？
連立方程式.png,4,連立方程式,2325円,3225円,2125円,2875円,attack,6,商品Aの値段は、商品Bの値段の3倍であり、商品Aを3点、商品Bを3点購入したところ、9300円となった。商品Aの値段は？
連立方程式.png,4,連立方程式,"毎分8L=28分,毎分14L=4分","毎分8L=24分,毎分14L=8分","毎分8L=20分,毎分14L=12分","毎分8L=16分,毎分14L=16分",heal,6,容積が280リットルの浴槽に毎分8Lで水を入れ続け、その後毎分14Lに変更し水を入れ続けたら32分で満杯となった。それぞれの時間を求めよ。
連立方程式.png,5,連立方程式,"x=26/17,y=2/17","x=2/17,y=26/17",解は存在しない,"x=2/17,y=35/17",attack,9,{_(x+4y=2@4x-y=6)┤
連立方程式.png,5,連立方程式,"x=41/13,y=38/13","x=38/13,y=41/13","x=3,y=3","x=-38/13,y=-41/13",heal,8,{_(5x-3y=7@x+2y=9)┤
連立方程式.png,5,連立方程式,363,282,525,444,defense,7,3桁の自然数がある。3桁全ての和は12であり、一の位と百の位は同じ数である。また、百の位と十の位を入れ替えてできる自然数は元の数より270大きい。元の自然数は？
連立方程式.png,5,連立方程式,1200,1000,800,1400,attack,7,商品Aの値段は、商品Bの値段の1.2倍である。商品Aを4点、商品Bを2点購入したところ、商品Bが1つ半額となり、総額9300円となった。商品Aの値段は？
連立方程式.png,5,連立方程式,60L,30L,75L,15L,heal,7,容積が130リットルの浴槽に毎分4Lで水を入れ続け、その5分後に毎分10Lに変更し、さらにその後毎分3Lに変更し水を入れ続けたら30分で満杯となった。毎分3分の時に入れた水の総量を求めよ。
二次方程式.png,1,二次方程式,x=3,x=2,x=5,x=4,attack,1,x^2=9
二次方程式.png,1,二次方程式,"x=0,-2",x=0,x=-√2,"x=0,2",attack,2,x^2+2x=0
二次方程式.png,1,二次方程式,"x=-3,1","x=1,3","x=-1,3","x=-3,-1",defense,2,x^2+2x-3=0
二次方程式.png,1,二次方程式,"x=2,-3","x=-2,-3","x=2,3","x=-2,3",defense,1,(x-2)(x+3)=0
二次方程式.png,1,二次方程式,"x=2,3","x=-2,-3","x=2,-3","x=-2,3",heal,2,x^2-5x+6=0
二次方程式.png,2,二次方程式,(-b±√(b^2-4ac))/2a,(b±√(b^2-4ac))/2a,(-b±√(b^2+4ac))/2a,(b±√(b^2+4ac))/2a,attack,4,二次方程式ax^2+bx+c=0の解の公式は？
二次方程式.png,2,二次方程式,D=b^2-4ac,D=a^2-4bc,D=c^2-4ab,D=a+b+c,defense,4,二次方程式ax^2+bx+c=0の判別式は何と表せられる？
二次方程式.png,2,二次方程式,1つ,2つ,実数解を持たない,場合による,attack,3,二次方程式ax^2+bx+c=0の判別式Dにおいて、D=0だった場合、解の個数は？
二次方程式.png,2,二次方程式,2つ,1つ,実数解を持たない,場合による,defense,3,二次方程式ax^2+bx+c=0の判別式Dにおいて、Dが正の数だった場合、解の個数は？
二次方程式.png,2,二次方程式,実数解を持たない,2つ,1つ,場合によると思う,heal,3,二次方程式ax^2+bx+c=0の判別式Dにおいて、Dが負の数だった場合、解の個数は？
二次方程式.png,3,二次方程式,"x=-1,3","x=-3,1","x=-3,-1","x=1,3",attack,4,2x^2-4x-6=0
二次方程式.png,3,二次方程式,x=-5,x=5,x=0,x=-10,defense,4,x^2+10x+25=0
二次方程式.png,3,二次方程式,"x=-1/3,1,","x=-1,1/3","x=-1,-1/3","x=1/3,1",attack,5,3x^2-2x-1=0
二次方程式.png,3,二次方程式,"x=0,4/3","x=0,-4/3","x=0,2/3","x=0,-2/3",defense,5,6x^2-8x=0
二次方程式.png,3,二次方程式,x=1/2,x=-1/2,x=0,解なし,heal,4,4x^2-4x+1=0
二次方程式.png,4,二次方程式,6,4,5,7,attack,5,ある正方形の縦の長さを3cm短くし、横の長さを1cm長くすると、面積は21cm^2となった。元の正方形の一辺の長さは？
二次方程式.png,4,二次方程式,4,3,5,6,attack,6,ある自然数と、それに5を足した数の積は36である。ある自然数とは？
二次方程式.png,4,二次方程式,2x^2+3x-2=0,x^2+3x-2=0,2x^2+3x-1=0,x^2+3x+2=0,defense,5,"x=1/2,x=-2を解に持つ二次方程式はどれ？"
二次方程式.png,4,二次方程式,2x^2+7x-15=0,x^2-7x+15=0,x^2-21x+5=0,x^2-10x+25=0,defense,6,"x=-3/2,x=5を解に持つ二次方程式はどれ？"
二次方程式.png,4,二次方程式,x^2+1=-101x/10,x^2+10x+1=0,x^2+1=-99x/10,x^2+1=-100x/9,heal,6,"x=-1/10,x=-10を解に持つ二次方程式はどれ？"
二次方程式.png,5,二次方程式,17,15,19,21,attack,8,ある正方形の縦の長さを10cm短くし、横の長さを15cm長くすると、面積は元の面積より65cm^2小さくなった。元の正方形の一辺の長さは？
二次方程式.png,5,二次方程式,3,4,5,6,attack,9,ある自然数と、それに7を掛けた後十の位と一の位の数を入れ替えた数の積は36である。ある自然数とは？
二次方程式.png,5,二次方程式,4,-2,-4,2,defense,8,二次方程式-x^2+ax-8=0の1つの解が2であるとき、もう1つの解は？
二次方程式.png,5,二次方程式,5,3,-1.5,-5,heal,7,二次方程式2x^2+13x-b=0の1つの解が3/2であるとき、もう1つの解は？
二次方程式.png,5,二次方程式,x=±√61/4,x=±1,x=±√21/4,x=±9/4,defense,7,16x^2-25x-36=0
平方根.png,1,平方根,5,3,4,6,attack,2,√25？
平方根.png,1,平方根,4,3,5,6,attack,2,√16？
平方根.png,1,平方根,7,6,8,9,defense,2,√49？
平方根.png,1,平方根,11,9,12,13,defense,3,√121？
平方根.png,1,平方根,9,7,11,5,heal,2,√16+√25=？
平方根.png,2,平方根,12,11,13,14,attack,3,√144？
平方根.png,2,平方根,25,21,23,27,attack,3,√225？
平方根.png,2,平方根,3,1,2,4,defense,3,√(25-16)=？
平方根.png,2,平方根,5√2,2√5,6,4√3,defense,4,√(14+36)=？
平方根.png,2,平方根,6√2,4√2,6√3,6√6,heal,4,√6×2√3=？
平方根.png,3,平方根,27,32,21,25,attack,5,√729？
平方根.png,3,平方根,32,16,24,36,attack,6,√1024？
平方根.png,3,平方根,2√2 + 1,2 + √2 ,4√2 + 1,4+ √2,defense,4,(4+√2)/√2=？
平方根.png,3,平方根,-3-2√2,-3-2√3,-1-2√2,1+2√2,defense,5,(1+√2)/(1-√2)=？
平方根.png,3,平方根,|x+12y|,|4x+3y|,|2x+6y|,|x+6y|,heal,7,√(x^2+24xy+144y)？
平方根.png,4,平方根,128,256,192,144,attack,8,√16384？
平方根.png,4,平方根,210√5,210√10,220√5,200√10,attack,6,5√180+180√5=？
平方根.png,4,平方根,36,32,28,42,defense,8,√1296？
平方根.png,4,平方根,127+48√7,129+24√7,129+48√7,127+24√7,defense,6,(8+3√7)/(8-3√7)=？
平方根.png,4,平方根,|4x+3y|,|3x+4y|,|6x+2y|,|2x+6y|,heal,9,√(16x^2+24xy+144y^2)？
平方根.png,5,平方根,98,97,99,96,attack,9,√9604？
平方根.png,5,平方根,1004,1006,1003,1002,defense,10,√1008016？
平方根.png,5,平方根,20√22,19√19,21√17,21√23,attack,9,√1782+√2662=？
平方根.png,5,平方根,0.48,0.42,0.49,0.45,defense,9,√0.0625+√0.0529
平方根.png,5,平方根,25,20,50,21,heal,10,"自然数n,mが√(100+n)=m√5を満たすとき、取りうる最小のnの値は？"
確率.png,1,確率,1月2日,1月3日,1月4日,1月6日,attack,1,サイコロを1回振ったとき、出る目が偶数である確率は？
確率.png,1,確率,1月2日,1月3日,1月4日,1月6日,attack,1,コインを1回投げたとき、表が出る確率は？
確率.png,1,確率,2月3日,1月3日,0,1,defense,1,赤、白、白のボールがそれぞれ1つずつ入った袋から1つボールを取り出すとき、白いボールが出る確率は？
確率.png,1,確率,1月4日,1月2日,1月3日,1,defense,1,12本中3本が当たりのくじで、当たりを引く確率は？
確率.png,1,確率,1月4日,1月3日,3月8日,1月6日,heal,2,正八面体のサイコロ(1~8が出るサイコロ)を1回振った時、出た目が3の倍数である確率は？
確率.png,2,確率,1月6日,1/36,1月12日,1月4日,attack,3,2つのサイコロを同時に振るとき、和が7になる確率は？
確率.png,2,確率,1/36,1月6日,1月12日,1月4日,attack,2,サイコロを2回振るとき、どちらも6が出る確率は？
確率.png,2,確率,1,0,1月2日,1月6日,defense,3,サイコロを1回振るとき、目が出る確率は？
確率.png,2,確率,1月2日,1月3日,1月4日,1月6日,defense,2,サイコロを1回振るとき、素数が出る確率は？
確率.png,2,確率,1/216,1/36,1月6日,1/512,heal,3,サイコロを3回振るとき、3回とも1が出る確率は？
確率.png,3,確率,25/52,1月2日,1月4日,6月13日,attack,4,2枚のカードを同時に引くとき、2枚とも赤いカード（ハートまたはダイヤ）を引く確率は？
確率.png,3,確率,1月4日,1月6日,3月8日,1月16日,attack,5,コインを4回投げたとき、表が3回だけ（裏が1回だけ）出る確率は？
確率.png,3,確率,2月7日,3月7日,1月6日,1月7日,defense,5,袋の中に青いボールが3個、緑のボールが4個入っている。2個同時にボールを取り出すとき、青と緑のボールが出る確率は？
確率.png,3,確率,1月2日,1月3日,1月4日,1月6日,defense,6,サイコロを2回振って、目の和が偶数になる確率は？
確率.png,3,確率,1月4日,1月3日,1月2日,1月6日,heal,6,サイコロを2回振って、目の積が奇数になる確率は？
確率.png,4,確率,91/216,125/216,116/216,83/216,attack,7,サイコロを3回投げるとき、少なくとも1回は6が出る確率は？
確率.png,4,確率,11月16日,5月16日,3月8日,1月4日,attack,8,コインを4回投げるとき、表が2回以上出る確率は？
確率.png,4,確率,1/55,1/60,1月30日,1/64,defense,7,袋の中に青いボールが3個、緑のボールが4個、赤いボールが5個入っている。同時に3個ボールを取り出すとき、全て緑のボールが出る確率は？
確率.png,4,確率,5月12日,13/36,5/36,1月6日,defense,8,サイコロを2回振って、目の和が素数になる確率は？
確率.png,4,確率,1月24日,1/36,1/72,1/48,heal,9,サイコロを3回振って、目の積が素数になる確率は？
確率.png,5,確率,2月5日,1月3日,1月5日,5月21日,attack,9,1から15までの番号が書かれた15枚のカードがある。この中から2枚のカードを取り出すとき、その和が15より小さい確率は？
確率.png,5,確率,5/108,1月24日,1/36,11/216,attack,8,サイコロを3回投げる。目の和が6である確率は？
確率.png,5,確率,5月18日,7月18日,1/36,3月8日,defense,9,サイコロを4回投げる。全ての目が異なる確率は？
確率.png,5,確率,5/72,1月6日,2月27日,5/216,defense,10,サイコロを3回振って、目の積が12になる確率は？
確率.png,5,確率,1月2日,1月3日,1月4日,1月6日,heal,8,1・2・3・4から異なる3つの数字をランダムに選んで3桁の整数を作るとき、それが3の倍数である確率は？
"二次関数,png",1,二次関数,0,1,2,3,attack,1,f(x)=x^2-3x+2でx=2のとき、f(x)の値は？
"二次関数,png",1,二次関数,23,5,1,-1,attack,2,f(x)=2x^2-6x+3でx=-2のとき、f(x)の値は？
"二次関数,png",1,二次関数,"(3,4)","(3,2)","(-3,4)","(3,-4)",defense,2,y=2(x-3)^2+4の頂点の座標は？
"二次関数,png",1,二次関数,"(2,0),(-4,0)","(-2,0),(4,0)","(2,0),(-8,0)","(-2,0),(8,0)",defense,1,y=(x-2)(x+4)とx軸の交点は？
"二次関数,png",1,二次関数,"(0,-8)","(0,8)","(0,6)","(0,-6)",heal,2,y=(x-2)(x+4)とy軸の交点は？
"二次関数,png",2,二次関数,-b/2a,b/2a,a/2b,-a/2b,attack,3,二次関数y=ax^2+bx+cの頂点のx座標は？
"二次関数,png",2,二次関数,-(b^2-4ac)/4a,b^2-4ac/2a,-b/2a,b/2a,attack,3,二次関数y=ax^2+bx+cの頂点のy座標は？
"二次関数,png",2,二次関数,開口部が上向きの放物線,開口部が下向きの放物線,直線,点,defense,3,y=x^2-3x+2のグラフの形は、次のうちどれ？
"二次関数,png",2,二次関数,開口部が下向きの放物線,開口部が上向きの放物線,直線,点,defense,3,y=-x^2-4x-4のグラフの形は、次のうちどれ？
"二次関数,png",2,二次関数,y=-(x-3)^2-4,y=-(x+3)^2-4,y=(x-3)^2-4,y=-(x-3)^2+4,heal,3,"頂点が(3,-4)で、点(4,-5)を通る二次関数は？"
"二次関数,png",3,二次関数,-0.25,4月17日,1月4日,-4.25,attack,4,y=x^2-3x+2の最小値は？
"二次関数,png",3,二次関数,4,6,2,8,attack,5,y=2x^2-4x+6の最小値は？
"二次関数,png",3,二次関数,y=2(x+2)^2+2,y=2(x-2)^2+2,y=2(x+2)^2-2,y=2(x-2)^2-2,defense,4,"頂点が(-2,2)になるようにy=2x^2を平行移動したとき、その放物線の式は？"
"二次関数,png",3,二次関数,4x^2+8x+1,4x^2-8x+1,4x^2-8x+7,4x^2+8x+7,defense,5,"頂点が(-1,-3)になるようにy=4x^2を平行移動したとき、その放物線の式は？"
"二次関数,png",3,二次関数,0,-1,4,1,heal,6,"y=ax^2+bx+cが3点(1,3),(0,4),(-2,0)を通るとき、bの値は？"
"二次関数,png",4,二次関数,5,9,8,13,attack,7,y=-x^4-4x^2+5の最大値は？
"二次関数,png",4,二次関数,a≠2,a=2,a=-2,存在しない,attack,8,y=x^2-2ax+4a-4の最小値が負であるような定数aの範囲は？
"二次関数,png",4,二次関数,1,0,4,2,defense,6,f(x)=x^2-4x+4の定義域1≦x≦3における最大値は？
"二次関数,png",4,二次関数,x^2-5x+5,x^2-4x+4,2x^2-4x+4,2x^2-4x+3,defense,6,f(1)=-f(2)=-f(3)=f(4)=1を満たす二次関数f(x)とは？
"二次関数,png",4,二次関数,8,4,12,6,heal,7,"y=ax^2+bx+cが3点(1,12),(-1,4),(-5,-12)を通るとき、cの値は？"
"二次関数,png",5,二次関数,7,5,6,4,attack,11,"a,b,cを1以上7以下の互いに異なる整数とする。二次方程式ax^2+bx+c=0が2つの整数解を持つような組(a,b,c)の総数は？"
"二次関数,png",5,二次関数,19,14,16,20,attack,10,"放物線y=x^2と直線y=2x+kが2点P,Qで交わり、2点P,Q間の距離が20であるときとき、kの値は？"
"二次関数,png",5,二次関数,2,3月2日,2月3日,3,defense,9,y=x^2+2ax-3の頂点が直線y=4x+1上にあるとき、定数aの値は？
"二次関数,png",5,二次関数,-1,-0.5,-1.5,-2,defense,8,放物線y=x^2と直線y=2x+kが接するとき、kの値は？
"二次関数,png",5,二次関数,2,1,0,場合による,heal,8,a+b+c=0かつa≠0かつa≠cのとき、二次関数=ax^2+bx+cとx軸との共有点の個数は？
複素数.png,1,複素数,5,3,7,1,attack,1,|3-4i|=？
複素数.png,1,複素数,2+3i,-2+3i,-2-3i,3-2i,attack,2,2-3iの共役複素数は？
複素数.png,1,複素数,3,5,2,8,defense,1,3+5iの実部は?
複素数.png,1,複素数,5,3,2,8,defense,2,3+5iの虚部は?
複素数.png,1,複素数,-1+8i,5+8i,5-2i,-1-2i,heal,2,(2+3i)-(3-5i)=？
複素数.png,2,複素数,√(a^2+b^2),√(b^2-4a),a+b,√(a^2-b^2),attack,3,|a+bi|=？
複素数.png,2,複素数,"i, 2i",iのみ,"i, 2i, 1+2i","i, 2i, 1+2i, 3",attack,3,"次のうち、純虚数はどれ？i, 2i, 1+2i, 3"
複素数.png,2,複素数,3-i,1-i,3+3i,1+3i,defense,3,(2+i)(1-i)＝？
複素数.png,2,複素数,-7+22i,-23+22i,-7+2i,-23+2i,defense,4,(-3+2i)(5-4i)＝？
複素数.png,2,複素数,点1を中心とする半径2の円,点-1を中心とする半径2の円,点-1を中心とする一辺が2の正方形,点1を中心とする長径が2の楕円,heal,4,複素数平面上を動く点zにおいて、|z-1|=2の表す図形は？
複素数.png,3,複素数,r^n(cosnθ+isinnθ),r^n(-sinnθ+icosnθ),r^n(cosnθ-isinnθ),r^n(sinnθ-icosnθ),attack,4,z=r(cosθ+isinθ)のとき、z^n=？
複素数.png,3,複素数,-11-2i,8-i,9-8i,-12+5i,attack,5,(1+2i)^3=？
複素数.png,3,複素数,-1+2i,(11+10i)/5,-(11+10i)/3,(5-10i)/3,defense,5,(3+4i)/(1-2i)=？
複素数.png,3,複素数,4,2,16,3,defense,5,(1+i)^2(1-i)^2=？
複素数.png,3,複素数,(a-bi)/(a^2+b^2),(a+bi)/(a^2+b^2),(a-bi)/(a^2-b^2),(a+bi)/(a^2-b^2),heal,5,z=a+biのとき、zの逆数は？
複素数.png,4,複素数,±√2+i,±1+√2i,±√2-i,±1-√2i,attack,6,複素数zがz^2-2iz-3=0を満たすとき、z=？
複素数.png,4,複素数,"-1,(1±√3i)/2","-1,(1±√5i)/2","-1,(1±√3i)/4","-1,(1±√5i)/4",attack,6,複素数zがz^3=-1を満たすとき、z=？
複素数.png,4,複素数,虚軸,実軸,原点を中心とした双曲線,原点を中心とした半径1の円,defense,7,複素数平面上を動く点zにおいて、|z-1|=|z+1|の表す図形は？
複素数.png,4,複素数,(cosθ-isinθ)/r,(cosθ+isinθ)/r,1/r(cosθ+isinθ),1/r(cosθ-isinθ),heal,6,z=r(cosθ+isinθ)のとき、zの逆数は？
複素数.png,5,複素数,√2/2+√2i/2,√3/2+i/2,1/2+√3i/2,1,attack,10,|z|=1のとき、|√2+√2i+z|を最大にするzの値は？
複素数.png,5,複素数,1/2-√3i/2,#NAME?,1/2+√3i/2,#NAME?,defense,7,z=√3/2+i/2とする。z^10=？
複素数.png,5,複素数,3,0,1,2,heal,11,自然数nは3の倍数であるとする。z^2n+z^n+1をz^2+z+1で割った余りは？
足し算.png,1,足し算,16,12,35,84,defence,7,\( 9 + 7 = \ ? \)
足し算.png,1,足し算,9,40,57,40,defence,9,\( 4 + 5 = \ ? \)
足し算.png,1,足し算,9,73,33,75,defence,8,\( 6 + 3 = \ ? \)
足し算.png,1,足し算,10,12,32,20,defence,8,\( 7 + 3 = \ ? \)
足し算.png,1,足し算,9,68,51,79,attack,4,\( 8 + 1 = \ ? \)
足し算.png,2,足し算,31,78,95,17,attack,1,\( 17 + 14 = \ ? \)
足し算.png,2,足し算,48,42,98,1,heal,5,\( 30 + 18 = \ ? \)
足し算.png,2,足し算,38,80,48,14,heal,3,\( 27 + 11 = \ ? \)
足し算.png,2,足し算,31,22,8,67,heal,2,\( 11 + 20 = \ ? \)
足し算.png,2,足し算,49,44,51,91,attack,1,\( 19 + 30 = \ ? \)
足し算.png,3,足し算,83,56,50,48,attack,8,\( 39 + 44 = \ ? \)
足し算.png,3,足し算,94,19,89,26,heal,6,\( 45 + 49 = \ ? \)
足し算.png,3,足し算,84,87,20,18,attack,3,\( 35 + 49 = \ ? \)
足し算.png,3,足し算,75,43,98,53,attack,9,\( 37 + 38 = \ ? \)
足し算.png,3,足し算,67,88,41,4,heal,4,\( 33 + 34 = \ ? \)
足し算.png,4,足し算,121,52,78,27,heal,6,\( 52 + 69 = \ ? \)
足し算.png,4,足し算,132,27,87,41,defence,4,\( 67 + 65 = \ ? \)
足し算.png,4,足し算,114,83,55,21,defence,6,\( 60 + 54 = \ ? \)
足し算.png,4,足し算,112,22,36,95,attack,2,\( 59 + 53 = \ ? \)
足し算.png,4,足し算,112,89,96,33,heal,6,\( 60 + 52 = \ ? \)
足し算.png,5,足し算,197,90,45,38,heal,6,\( 98 + 99 = \ ? \)
足し算.png,5,足し算,153,28,30,67,attack,2,\( 82 + 71 = \ ? \)
足し算.png,5,足し算,140,73,9,85,defence,8,\( 70 + 70 = \ ? \)
足し算.png,5,足し算,190,51,37,81,defence,2,\( 92 + 98 = \ ? \)
足し算.png,5,足し算,178,15,15,44,heal,9,\( 80 + 98 = \ ? \)
引き算.png,1,引き算,1,60,94,58,attack,7,\( 5 - 4 = \ ? \)
引き算.png,1,引き算,4,52,65,69,attack,6,\( 9 - 5 = \ ? \)
引き算.png,1,引き算,7,96,74,6,attack,9,\( 8 - 1 = \ ? \)
引き算.png,1,引き算,0,91,76,55,defence,6,\( 5 - 5 = \ ? \)
引き算.png,1,引き算,4,90,6,67,defence,2,\( 8 - 4 = \ ? \)
引き算.png,2,引き算,39,39,24,30,attack,7,\( 25 - 14 = \ ? \)
引き算.png,2,引き算,37,91,81,97,defence,1,\( 26 - 11 = \ ? \)
引き算.png,2,引き算,46,97,60,68,attack,1,\( 28 - 18 = \ ? \)
引き算.png,2,引き算,31,91,83,54,attack,5,\( 21 - 10 = \ ? \)
引き算.png,2,引き算,48,34,86,9,heal,8,\( 30 - 18 = \ ? \)
引き算.png,3,引き算,78,46,69,82,defence,5,\( 40 - 38 = \ ? \)
引き算.png,3,引き算,78,53,46,88,attack,4,\( 44 - 34 = \ ? \)
引き算.png,3,引き算,81,54,16,27,defence,9,\( 45 - 36 = \ ? \)
引き算.png,3,引き算,76,27,81,58,heal,3,\( 46 - 30 = \ ? \)
引き算.png,3,引き算,76,32,30,87,defence,8,\( 42 - 34 = \ ? \)
引き算.png,4,引き算,122,99,34,2,defence,7,\( 68 - 54 = \ ? \)
引き算.png,4,引き算,115,38,98,10,attack,3,\( 64 - 51 = \ ? \)
引き算.png,4,引き算,117,79,40,80,defence,1,\( 61 - 56 = \ ? \)
引き算.png,4,引き算,121,79,9,99,defence,9,\( 63 - 58 = \ ? \)
引き算.png,4,引き算,120,41,40,86,heal,1,\( 70 - 50 = \ ? \)
引き算.png,5,引き算,177,59,81,96,heal,7,\( 98 - 79 = \ ? \)
引き算.png,5,引き算,173,43,61,96,defence,1,\( 88 - 85 = \ ? \)
引き算.png,5,引き算,178,45,34,18,defence,1,\( 100 - 78 = \ ? \)
引き算.png,5,引き算,174,29,80,87,attack,6,\( 92 - 82 = \ ? \)
引き算.png,5,引き算,167,98,3,43,heal,5,\( 90 - 77 = \ ? \)
掛け算.png,1,掛け算,1,36,5,92,attack,7,\( 1 \times 1 = \ ? \)
掛け算.png,1,掛け算,4,48,13,64,attack,8,\( 2 \times 2 = \ ? \)
掛け算.png,1,掛け算,2,95,8,91,attack,6,\( 2 \times 1 = \ ? \)
掛け算.png,1,掛け算,12,50,91,19,defence,3,\( 3 \times 4 = \ ? \)
掛け算.png,1,掛け算,2,93,49,69,attack,8,\( 2 \times 1 = \ ? \)
掛け算.png,2,掛け算,70,28,64,54,attack,10,\( 7 \times 10 = \ ? \)
掛け算.png,2,掛け算,48,53,30,29,attack,2,\( 6 \times 8 = \ ? \)
掛け算.png,2,掛け算,72,83,12,50,defence,9,\( 8 \times 9 = \ ? \)
掛け算.png,2,掛け算,100,10,71,71,attack,3,\( 10 \times 10 = \ ? \)
掛け算.png,2,掛け算,42,71,64,54,attack,8,\( 6 \times 7 = \ ? \)
掛け算.png,3,掛け算,154,81,8,12,attack,10,\( 14 \times 11 = \ ? \)
掛け算.png,3,掛け算,120,11,42,28,heal,7,\( 12 \times 10 = \ ? \)
掛け算.png,3,掛け算,150,47,80,96,defence,8,\( 15 \times 10 = \ ? \)
掛け算.png,3,掛け算,121,62,43,9,defence,9,\( 11 \times 11 = \ ? \)
掛け算.png,3,掛け算,182,31,97,51,attack,3,\( 13 \times 14 = \ ? \)
掛け算.png,4,掛け算,240,53,95,33,heal,9,\( 15 \times 16 = \ ? \)
掛け算.png,4,掛け算,240,19,79,83,defence,9,\( 15 \times 16 = \ ? \)
掛け算.png,4,掛け算,240,15,71,59,defence,5,\( 16 \times 15 = \ ? \)
掛け算.png,4,掛け算,240,70,73,42,heal,3,\( 16 \times 15 = \ ? \)
掛け算.png,4,掛け算,289,84,69,16,attack,7,\( 17 \times 17 = \ ? \)
掛け算.png,5,掛け算,342,55,53,89,attack,4,\( 18 \times 19 = \ ? \)
掛け算.png,5,掛け算,324,26,74,86,defence,2,\( 18 \times 18 = \ ? \)
掛け算.png,5,掛け算,342,9,50,69,attack,8,\( 19 \times 18 = \ ? \)
掛け算.png,5,掛け算,361,41,82,47,heal,3,\( 19 \times 19 = \ ? \)
掛け算.png,5,掛け算,340,18,1,61,attack,1,\( 17 \times 20 = \ ? \)
割り算.png,1,割り算,3,47,6,80,defence,9,\( 3 \div 1 = \ ? \)
割り算.png,1,割り算,5,48,32,38,heal,3,\( 15 \div 3 = \ ? \)
割り算.png,1,割り算,1,18,93,83,heal,6,\( 1 \div 1 = \ ? \)
割り算.png,1,割り算,1,58,74,77,attack,1,\( 2 \div 2 = \ ? \)
割り算.png,1,割り算,4,34,4,27,attack,6,\( 20 \div 5 = \ ? \)
割り算.png,2,割り算,8,27,86,13,attack,9,\( 72 \div 9 = \ ? \)
割り算.png,2,割り算,4,28,42,90,heal,4,\( 24 \div 6 = \ ? \)
割り算.png,2,割り算,7,34,36,70,heal,4,\( 49 \div 7 = \ ? \)
割り算.png,2,割り算,4,82,39,74,heal,2,\( 24 \div 6 = \ ? \)
割り算.png,2,割り算,2,85,81,49,attack,3,\( 14 \div 7 = \ ? \)
割り算.png,3,割り算,16.5,26,24,95,heal,2,\( 99 \div 6 = \ ? \)（小数第2位まで）
割り算.png,3,割り算,27.5,5,95,69,attack,1,\( 55 \div 2 = \ ? \)（小数第2位まで）
割り算.png,3,割り算,16,12,50,60,defence,2,\( 32 \div 2 = \ ? \)（小数第2位まで）
割り算.png,3,割り算,4.43,7,84,39,defence,1,\( 31 \div 7 = \ ? \)（小数第2位まで）
割り算.png,3,割り算,5,51,31,91,attack,10,\( 25 \div 5 = \ ? \)（小数第2位まで）
割り算.png,4,割り算,7 \( \frac{5}{9} \),39,31,26,defence,4,\( \frac{68}{9} \) を帯分数にせよ。
割り算.png,4,割り算,9 \( \frac{4}{5} \),52,53,88,attack,10,\( \frac{49}{5} \) を帯分数にせよ。
割り算.png,4,割り算,9 \( \frac{4}{7} \),96,21,66,defence,2,\( \frac{67}{7} \) を帯分数にせよ。
割り算.png,4,割り算,4 \( \frac{3}{8} \),99,91,20,defence,10,\( \frac{35}{8} \) を帯分数にせよ。
割り算.png,4,割り算,2 \( \frac{5}{9} \),67,44,36,defence,7,\( \frac{23}{9} \) を帯分数にせよ。
割り算.png,5,割り算,\( \frac{4}{1}x \),80,60,69,heal,6,\( \frac{4x}{1} \) を簡単にせよ。
割り算.png,5,割り算,\( \frac{4}{1}x \),17,41,13,attack,7,\( \frac{4x}{1} \) を簡単にせよ。
割り算.png,5,割り算,\( \frac{2}{5}x \),25,71,54,attack,6,\( \frac{2x}{5} \) を簡単にせよ。
割り算.png,5,割り算,\( \frac{3}{4}x \),30,11,40,attack,7,\( \frac{3x}{4} \) を簡単にせよ。
割り算.png,5,割り算,\( \frac{5}{4}x \),38,37,48,defence,6,\( \frac{5x}{4} \) を簡単にせよ。
小数(小学校).png,1,小数(小学校),7.3,95,95,43,attack,3,\( 3.8 + 3.5 = \ ? \)
小数(小学校).png,1,小数(小学校),0.1,94,88,6,defence,7,\( 4.6 - 4.5 = \ ? \)
小数(小学校).png,1,小数(小学校),5.8,98,34,13,defence,3,\( 3.3 + 2.5 = \ ? \)
小数(小学校).png,1,小数(小学校),1,27,10,78,attack,5,\( 5.0 - 4.0 = \ ? \)
小数(小学校).png,1,小数(小学校),7.3,57,94,34,defence,7,\( 3.3 + 4.0 = \ ? \)
小数(小学校).png,2,小数(小学校),-3.13,99,49,92,heal,5,\( 6.37 - 9.5 = \ ? \)
小数(小学校).png,2,小数(小学校),-3.92,38,11,58,attack,2,\( 1.31 - 5.23 = \ ? \)
小数(小学校).png,2,小数(小学校),6.02,68,1,99,attack,3,\( 1.92 + 4.1 = \ ? \)
小数(小学校).png,2,小数(小学校),7.16,60,3,20,heal,5,\( 5.17 + 1.99 = \ ? \)
小数(小学校).png,2,小数(小学校),0.52,31,39,67,attack,9,\( 8.68 - 8.16 = \ ? \)
小数(小学校).png,3,小数(小学校),-4.9,57,70,18,attack,7,\( 0.1 - 5 = \ ? \)
小数(小学校).png,3,小数(小学校),5,1,86,48,defence,3,\( 8 - 3.0 = \ ? \)
小数(小学校).png,3,小数(小学校),-5.9,10,38,4,defence,6,\( 2.1 - 8 = \ ? \)
小数(小学校).png,3,小数(小学校),6.2,73,62,69,attack,4,\( 11 - 4.8 = \ ? \)
小数(小学校).png,3,小数(小学校),0.7,40,94,73,heal,6,\( 2 - 1.3 = \ ? \)
小数(小学校).png,4,小数(小学校),-18.62,26,66,77,heal,8,\( 13.49 - 32.11 = \ ? \)
小数(小学校).png,4,小数(小学校),57.44,95,82,72,attack,7,\( 40.22 + 17.22 = \ ? \)
小数(小学校).png,4,小数(小学校),46.38,31,1,96,attack,2,\( 12.96 + 33.42 = \ ? \)
小数(小学校).png,4,小数(小学校),-13.12,94,89,93,heal,3,\( 11.81 - 24.93 = \ ? \)
小数(小学校).png,4,小数(小学校),77.54,94,30,4,defence,5,\( 47.9 + 29.64 = \ ? \)
小数(小学校).png,5,小数(小学校),128.68,69,33,98,heal,9,\( 91.81 + 36.87 = \ ? \)
小数(小学校).png,5,小数(小学校),154.67,71,19,1,defence,6,\( 84.98 + 69.69 = \ ? \)
小数(小学校).png,5,小数(小学校),118.71,68,7,92,defence,7,\( 96.55 + 22.16 = \ ? \)
小数(小学校).png,5,小数(小学校),-18.96,41,14,2,heal,5,\( 56.98 - 75.94 = \ ? \)
小数(小学校).png,5,小数(小学校),58.07,94,28,48,attack,10,\( 90.75 - 32.68 = \ ? \)
分数(小学校).png,1,分数(小学校),\( \frac{0}{1} \),87,99,61,heal,8,\( \frac{1}{2} - \frac{1}{2} = \ ? \)
分数(小学校).png,1,分数(小学校),\( \frac{3}{2} \),65,98,26,attack,10,\( \frac{3}{4} + \frac{3}{4} = \ ? \)
分数(小学校).png,1,分数(小学校),\( \frac{1}{1} \),64,95,13,defence,6,\( \frac{1}{2} + \frac{1}{2} = \ ? \)
分数(小学校).png,1,分数(小学校),\( \frac{1}{3} \),91,31,61,attack,6,\( \frac{2}{3} - \frac{1}{3} = \ ? \)
分数(小学校).png,1,分数(小学校),\( \frac{1}{4} \),70,67,97,attack,8,\( \frac{2}{4} - \frac{1}{4} = \ ? \)
分数(小学校).png,2,分数(小学校),\( \frac{7}{6} \),3,37,71,heal,2,\( \frac{3}{6} + \frac{4}{6} = \ ? \)
分数(小学校).png,2,分数(小学校),\( \frac{1}{9} \),6,42,15,defence,6,\( \frac{5}{9} - \frac{4}{9} = \ ? \)
分数(小学校).png,2,分数(小学校),\( \frac{5}{6} \),85,98,60,heal,10,\( \frac{1}{6} + \frac{4}{6} = \ ? \)
分数(小学校).png,2,分数(小学校),\( \frac{1}{2} \),19,66,55,attack,5,\( \frac{2}{6} - \frac{5}{6} = \ ? \)
分数(小学校).png,2,分数(小学校),\( \frac{1}{9} \),53,14,57,heal,3,\( \frac{5}{9} - \frac{6}{9} = \ ? \)
分数(小学校).png,3,分数(小学校),\( \frac{0}{1} \),91,99,75,heal,1,\( \frac{1}{2} - \frac{1}{2} = \ ? \)
分数(小学校).png,3,分数(小学校),\( \frac{1}{3} \),15,79,2,heal,4,\( \frac{1}{6} - \frac{3}{6} = \ ? \)
分数(小学校).png,3,分数(小学校),\( \frac{14}{15} \),89,24,76,attack,9,\( \frac{10}{30} + \frac{18}{30} = \ ? \)
分数(小学校).png,3,分数(小学校),\( \frac{1}{6} \),6,52,75,defence,4,\( \frac{8}{12} - \frac{6}{12} = \ ? \)
分数(小学校).png,3,分数(小学校),\( \frac{2}{15} \),10,63,14,defence,2,\( \frac{10}{15} - \frac{12}{15} = \ ? \)
分数(小学校).png,4,分数(小学校),\( \frac{4}{3} \),77,10,2,attack,9,\( \frac{12}{18} + \frac{12}{18} = \ ? \)
分数(小学校).png,4,分数(小学校),\( \frac{53}{56} \),43,74,53,heal,7,\( \frac{32}{56} + \frac{21}{56} = \ ? \)
分数(小学校).png,4,分数(小学校),\( \frac{7}{40} \),95,17,59,heal,5,\( \frac{25}{40} - \frac{32}{40} = \ ? \)
分数(小学校).png,4,分数(小学校),\( \frac{25}{36} \),44,1,94,defence,5,\( \frac{32}{72} + \frac{18}{72} = \ ? \)
分数(小学校).png,4,分数(小学校),\( \frac{17}{15} \),96,68,83,attack,10,\( \frac{10}{30} + \frac{24}{30} = \ ? \)
分数(小学校).png,5,分数(小学校),2 \( \frac{1}{3} \),26,16,98,heal,2,\( \frac{7}{6} + \frac{7}{6} = \ ? \)
分数(小学校).png,5,分数(小学校),2 \( \frac{17}{30} \),43,42,50,attack,10,\( \frac{35}{30} + \frac{42}{30} = \ ? \)
分数(小学校).png,5,分数(小学校),\( \frac{7}{9} \),74,99,80,defence,1,\( \frac{17}{9} - \frac{10}{9} = \ ? \)
分数(小学校).png,5,分数(小学校),2 \( \frac{3}{8} \),36,99,32,attack,3,\( \frac{8}{8} + \frac{11}{8} = \ ? \)
分数(小学校).png,5,分数(小学校),\( \frac{23}{35} \),31,79,49,defence,7,\( \frac{63}{35} - \frac{40}{35} = \ ? \)
大きい数.png,1,大きい数,160,11,80,72,attack,3,\( 87 + 73 = \ ? \)
大きい数.png,1,大きい数,20,34,3,92,heal,6,\( 56 - 36 = \ ? \)
大きい数.png,1,大きい数,96,34,99,55,attack,10,\( 62 + 34 = \ ? \)
大きい数.png,1,大きい数,27,63,74,52,attack,3,\( 53 - 26 = \ ? \)
大きい数.png,1,大きい数,67,6,17,92,defence,7,\( 85 - 18 = \ ? \)
大きい数.png,2,大きい数,1016,29,55,98,heal,6,\( 834 + 182 = \ ? \)
大きい数.png,2,大きい数,32,55,24,70,attack,9,\( 206 - 174 = \ ? \)
大きい数.png,2,大きい数,1208,59,73,17,heal,9,\( 890 + 318 = \ ? \)
大きい数.png,2,大きい数,623,68,66,69,attack,4,\( 925 - 302 = \ ? \)
大きい数.png,2,大きい数,561,9,65,15,attack,1,\( 708 - 147 = \ ? \)
大きい数.png,3,大きい数,6892,4,67,39,attack,6,\( 7279 - 387 = \ ? \)
大きい数.png,3,大きい数,6634,42,32,86,heal,3,\( 6087 + 547 = \ ? \)
大きい数.png,3,大きい数,8641,13,30,91,defence,6,\( 8108 + 533 = \ ? \)
大きい数.png,3,大きい数,4646,37,43,35,heal,1,\( 4335 + 311 = \ ? \)
大きい数.png,3,大きい数,3596,80,86,38,attack,2,\( 3352 + 244 = \ ? \)
大きい数.png,4,大きい数,1454,55,7,53,heal,6,\( 4468 - 3014 = \ ? \)
大きい数.png,4,大きい数,973,3,5,18,attack,1,\( 6141 - 5168 = \ ? \)
大きい数.png,4,大きい数,3670,61,12,64,heal,7,\( 1846 + 1824 = \ ? \)
大きい数.png,4,大きい数,17838,17,89,11,attack,7,\( 8039 + 9799 = \ ? \)
大きい数.png,4,大きい数,2062,36,44,79,heal,1,\( 4171 - 2109 = \ ? \)
大きい数.png,5,大きい数,44610,74,47,71,attack,10,\( 90117 - 45507 = \ ? \)
大きい数.png,5,大きい数,17056,70,76,26,heal,9,\( 78193 - 61137 = \ ? \)
大きい数.png,5,大きい数,29172,65,10,97,attack,5,\( 68867 - 39695 = \ ? \)
大きい数.png,5,大きい数,149027,5,19,20,attack,5,\( 79253 + 69774 = \ ? \)
大きい数.png,5,大きい数,120352,84,46,53,defence,1,\( 68617 + 51735 = \ ? \)
